dataset;nb_elements;[[0.0, 1.0, 1.0, 0.0, 1.0, 0.0], [0.0, 0.0, 0.0, 0.0, 0.0, 0.0]];[[0.0, 1.0, 1.0, 0.0, 1.0, 0.0], [0.25, 0.25, 0.0, 0.25, 0.25, 0.25]];[[0.0, 1.0, 1.0, 0.0, 1.0, 0.0], [0.5, 0.5, 0.0, 0.5, 0.5, 0.5]];[[0.0, 1.0, 1.0, 0.0, 1.0, 0.0], [0.75, 0.75, 0.0, 0.75, 0.75, 0.75]];[[0.0, 1.0, 1.0, 0.0, 1.0, 0.0], [1.0, 1.0, 0.0, 1.0, 1.0, 1.0]];
Borrelia Infections_D001899;30;30;30;1;1;1;
Fibroadenoma_D018226;30;30;1;1;1;1;
Hernia, Diaphragmatic_D006548;30;30;1;1;1;1;
Lissencephaly_D054082;30;5;2;1;1;1;
Brachydactyly_D059327;30;1;1;1;1;1;
Jaw Diseases_D007571;30;30;3;1;1;1;
Vaginal Neoplasms_D014625;30;30;5;5;5;5;
Ageusia_D000370;30;28;1;1;1;1;
Farmer's Lung_D005203;30;30;1;1;1;1;
Hearing Loss, Mixed Conductive-Sensorineural_D046089;30;30;1;1;1;1;
Bacteriuria_D001437;31;31;1;1;1;1;
Haemophilus Infections_D006192;31;29;1;1;1;1;
Keratoderma, Palmoplantar_D007645;31;18;1;1;1;1;
Vitamin A Deficiency_D014802;31;31;1;1;1;1;
CADASIL_D046589;31;31;6;1;1;1;
Neoplasms, Second Primary_D016609;31;31;1;1;1;1;
Optic Neuropathy, Ischemic_D018917;31;31;13;1;1;1;
Kyphosis_D007738;31;31;1;1;1;1;
Porphyrias_D011164;31;31;4;1;1;1;
Binge-Eating Disorder_D056912;31;31;11;11;11;11;
Lateral Medullary Syndrome_D014854;31;31;1;1;1;1;
Hypopigmentation_D017496;31;31;1;1;1;1;
Facial Nerve Diseases_D005155;31;31;1;1;1;1;
Paraneoplastic Syndromes_D010257;32;32;14;8;8;8;
Cystitis, Interstitial_D018856;32;32;2;1;1;1;
Jaundice_D007565;32;31;1;1;1;1;
Leg Ulcer_D007871;32;32;5;1;1;1;
Mesenteric Ischemia_D065666;32;31;17;1;1;1;
Superior Mesenteric Artery Syndrome_D013478;32;1;1;1;1;1;
Dyskeratosis Congenita_D019871;32;32;31;1;1;1;
von Willebrand Disease, Type 1_D056725;32;32;11;1;1;1;
von Willebrand Disease, Type 2_D056728;32;32;9;1;1;1;
Gonorrhea_D006069;32;32;1;1;1;1;
Protoporphyria, Erythropoietic_D046351;32;32;1;1;1;1;
Shy-Drager Syndrome_D012791;32;32;1;1;1;1;
Otitis Media with Effusion_D010034;32;32;10;10;10;10;
Tension-Type Headache_D018781;32;32;1;1;1;1;
Agnosia_D000377;33;1;1;1;1;1;
Fibroma_D005350;33;33;1;1;1;1;
Keratitis_D007634;33;32;1;1;1;1;
Myxoma_D009232;33;33;1;1;1;1;
Colic_D003085;33;33;1;1;1;1;
Tobacco Use Disorder_D014029;33;33;1;1;1;1;
Bardet-Biedl Syndrome_D020788;33;19;1;1;1;1;
Histiocytoma, Benign Fibrous_D018219;33;33;2;1;1;1;
Urogenital Abnormalities_D014564;33;33;2;1;1;1;
Vulvar Lichen Sclerosus_D007724;33;32;15;1;1;1;
Aortopulmonary Septal Defect_D001028;33;33;1;1;1;1;
AIDS Dementia Complex_D015526;33;33;1;1;1;1;
Subarachnoid Hemorrhage, Traumatic_D020206;33;33;4;4;4;4;
Epilepsia Partialis Continua_D017036;33;33;1;1;1;1;
Landau-Kleffner Syndrome_D018887;33;33;1;1;1;1;
Glycogen Storage Disease Type VI_D006013;33;33;1;1;1;1;
Retinal Vein Occlusion_D012170;34;31;31;1;1;1;
Taste Disorders_D013651;34;34;34;1;1;1;
Hypohidrosis_D007007;34;34;1;1;1;1;
Supratentorial Neoplasms_D015173;34;34;1;1;1;1;
Intracranial Arteriovenous Malformations_D002538;34;34;4;4;4;4;
Mediastinal Neoplasms_D008479;34;34;19;1;1;1;
Choroid Hemorrhage_D002832;34;34;1;1;1;1;
Head Injuries, Closed_D016489;34;33;1;1;1;1;
Holoprosencephaly_D016142;34;34;11;11;11;11;
Urinary Incontinence, Stress_D014550;34;34;1;1;1;1;
Uterine Hemorrhage_D014592;34;34;1;1;1;1;
Encephalitis, Herpes Simplex_D020803;34;34;1;1;1;1;
Hematoma_D006406;35;35;35;1;1;1;
Ketosis_D007662;35;35;35;1;1;1;
Corneal Edema_D015715;35;35;4;1;1;1;
Mitral Valve Stenosis_D008946;35;35;35;1;1;1;
Nail Diseases_D009260;35;35;11;7;7;7;
Halitosis_D006209;35;35;1;1;1;1;
Choledochal Cyst_D015529;35;35;14;14;14;14;
Lambert-Eaton Myasthenic Syndrome_D015624;35;34;1;1;1;1;
Bronchitis, Chronic_D029481;36;32;1;1;1;1;
Iatrogenic Disease_D007049;36;36;1;1;1;1;
Hemolytic-Uremic Syndrome_D006463;36;35;33;1;1;1;
Dysuria_D053159;36;36;1;1;1;1;
Progeria_D011371;36;36;6;6;6;6;
Gastrinoma_D015408;36;36;1;1;1;1;
Dyspnea_D004417;36;36;1;1;1;1;
Leukodystrophy, Globoid Cell_D007965;36;36;9;9;9;9;
Lupus Vasculitis, Central Nervous System_D020945;37;35;35;1;1;1;
Anemia, Refractory_D000753;37;37;1;1;1;1;
Affective Disorders, Psychotic_D000341;37;37;1;1;1;1;
Coxsackievirus Infections_D003384;37;37;2;1;1;1;
Hypoplastic Left Heart Syndrome_D018636;37;37;19;1;1;1;
Hyperalgesia_D006930;37;37;1;1;1;1;
Intestinal Atresia_D007409;37;37;1;1;1;1;
Subacute Sclerosing Panencephalitis_D013344;37;37;14;14;14;14;
Wolf-Hirschhorn Syndrome_D054877;37;37;13;8;8;8;
Gingivitis_D005891;38;24;24;1;1;1;
Muscle Spasticity_D009128;38;31;1;1;1;1;
alpha 1-Antitrypsin Deficiency_D019896;38;37;1;1;1;1;
Albinism, Oculocutaneous_D016115;38;38;1;1;1;1;
Craniopharyngioma_D003397;38;38;1;1;1;1;
Niemann-Pick Diseases_D009542;38;38;1;1;1;1;
Osteogenesis Imperfecta_D010013;38;38;1;1;1;1;
Cutis Laxa_D003483;38;38;1;1;1;1;
Phobic Disorders_D010698;38;38;1;1;1;1;
Bacteremia_D016470;39;39;39;1;1;1;
Uremia_D014511;39;39;1;1;1;1;
Hypothermia_D007035;39;39;7;1;1;1;
Sweat Gland Diseases_D013543;39;39;3;1;1;1;
Vesico-Ureteral Reflux_D014718;39;39;30;1;1;1;
Ectropion_D004483;39;39;1;1;1;1;
Prion Diseases_D017096;39;39;1;1;1;1;
Pemphigus, Benign Familial_D016506;39;39;21;1;1;1;
Diabetes Insipidus, Neurogenic_D020790;39;39;1;1;1;1;
Niemann-Pick Disease, Type A_D052536;39;39;1;1;1;1;
Amenorrhea_D000568;40;40;3;1;1;1;
Vitamin E Deficiency_D014811;40;39;1;1;1;1;
Ectopia Lentis_D004479;40;40;12;1;1;1;
Migraine with Aura_D020325;40;40;1;1;1;1;
Paranasal Sinus Diseases_D010254;40;40;11;1;1;1;
Pregnancy Complications, Hematologic_D011250;40;40;12;12;12;12;
Stevens-Johnson Syndrome_D013262;40;40;1;1;1;1;
Myositis, Inclusion Body_D018979;40;40;32;1;1;1;
Personality Disorders_D010554;40;40;1;1;1;1;
Tinea Capitis_D014006;40;40;1;1;1;1;
Pelger-Huet Anomaly_D010381;40;39;1;1;1;1;
Anemia, Iron-Deficiency_D018798;40;40;30;9;9;9;
alpha-Thalassemia_D017085;40;40;4;1;1;1;
Carpal Tunnel Syndrome_D002349;40;40;9;9;9;9;
Optic Nerve Injuries_D020221;40;31;1;1;1;1;
Myoclonic Epilepsy, Juvenile_D020190;40;40;15;15;15;15;
Peutz-Jeghers Syndrome_D010580;40;40;1;1;1;1;
Focal Nodular Hyperplasia_D020518;41;41;41;1;1;1;
Bulimia_D002032;41;41;1;1;1;1;
Eyelid Neoplasms_D005142;41;40;13;1;1;1;
Keratoacanthoma_D007636;41;41;2;1;1;1;
Long QT Syndrome_D008133;41;1;1;1;1;1;
Hyperpigmentation_D017495;41;41;5;1;1;1;
Brain Stem Neoplasms_D020295;41;41;1;1;1;1;
Arthritis, Infectious_D001170;41;41;1;1;1;1;
Gonadal Disorders_D006058;42;42;42;1;1;1;
Wounds, Penetrating_D014950;42;41;4;4;4;4;
Syncope_D013575;42;42;1;1;1;1;
Leukemia, Plasma Cell_D007952;42;42;1;1;1;1;
Mitral Valve Insufficiency_D008944;42;42;1;1;1;1;
Death, Sudden_D003645;43;1;1;1;1;1;
Hyperhomocysteinemia_D020138;43;1;1;1;1;1;
Pars Planitis_D015868;43;1;1;1;1;1;
Gastric Fistula_D005747;43;1;1;1;1;1;
Genital Neoplasms, Male_D005834;43;38;1;1;1;1;
Hyperprolactinemia_D006966;43;43;1;1;1;1;
Myoclonic Epilepsies, Progressive_D020191;43;43;14;1;1;1;
Joint Dislocations_D004204;43;43;11;1;1;1;
Enterocolitis, Necrotizing_D020345;44;18;18;1;1;1;
Respiratory Hypersensitivity_D012130;44;44;1;1;1;1;
Pneumoconiosis_D011009;44;27;9;1;1;1;
Rheumatic Diseases_D012216;44;44;6;1;1;1;
Aniridia_D015783;44;44;19;11;11;11;
Hyperesthesia_D006941;44;44;18;18;18;18;
Astigmatism_D001251;45;2;2;1;1;1;
Hearing Loss, Bilateral_D006312;45;45;1;1;1;1;
Hearing Loss, Noise-Induced_D006317;45;45;20;1;1;1;
Contracture_D003286;45;45;14;6;6;6;
Endomyocardial Fibrosis_D004719;45;45;1;1;1;1;
Headache Disorders_D020773;45;1;1;1;1;1;
Hypotension_D007022;45;45;34;5;5;5;
Hemobilia_D006431;45;45;1;1;1;1;
Peritoneal Neoplasms_D010534;45;45;16;1;1;1;
Mercury Poisoning_D008630;45;45;7;1;1;1;
Schistosomiasis haematobia_D012553;45;45;1;1;1;1;
ACTH-Secreting Pituitary Adenoma_D049913;45;45;19;9;9;9;
Pregnancy Complications_D011248;46;46;46;1;1;1;
Neurofibroma_D009455;46;46;1;1;1;1;
Pyomyositis_D052880;46;20;1;1;1;1;
Basal Ganglia Diseases_D001480;46;32;1;1;1;1;
Macular Edema_D008269;46;46;46;1;1;1;
Mucocele_D009078;46;46;10;1;1;1;
Paranasal Sinus Neoplasms_D010255;46;46;30;1;1;1;
Sprue, Tropical_D013182;46;16;1;1;1;1;
Sweat Gland Neoplasms_D013544;46;46;32;6;6;6;
Schizophrenia, Disorganized_D012562;46;46;26;9;9;9;
Retinal Detachment_D012163;46;46;1;1;1;1;
Acatalasia_D020642;46;46;1;1;1;1;
Femoral Neuropathy_D020428;46;46;17;17;17;17;
Romano-Ward Syndrome_D029597;46;46;1;1;1;1;
Coloboma_D003103;46;46;10;6;6;6;
Sleep Disorders, Circadian Rhythm_D020178;46;46;14;14;14;14;
Glycogen Storage Disease Type I_D005953;46;46;1;1;1;1;
Clostridium Infections_D003015;47;47;47;1;1;1;
Sleep Deprivation_D012892;47;46;46;1;1;1;
Heroin Dependence_D006556;47;45;45;1;1;1;
Hypertension, Portal_D006975;47;1;1;1;1;1;
Neuritis, Autoimmune, Experimental_D009444;47;46;6;6;6;6;
Ocular Hypotension_D015814;47;47;1;1;1;1;
Listeriosis_D008088;47;47;31;31;31;31;
Hyperglycinemia, Nonketotic_D020158;47;47;1;1;1;1;
Hernias, Diaphragmatic, Congenital_D065630;47;47;19;19;19;19;
Porphyria, Variegate_D046350;47;47;2;1;1;1;
Endotoxemia_D019446;48;1;1;1;1;1;
Gingival Overgrowth_D019214;48;48;12;9;9;9;
Musculoskeletal Diseases_D009140;48;48;10;1;1;1;
Seasonal Affective Disorder_D016574;48;47;1;1;1;1;
Adrenocortical Hyperfunction_D000308;48;48;1;1;1;1;
Hyperphagia_D006963;48;48;1;1;1;1;
Mastocytosis, Systemic_D034721;48;48;28;1;1;1;
Fibromatosis, Aggressive_D018222;48;48;8;1;1;1;
Creutzfeldt-Jakob Syndrome_D007562;48;48;11;11;11;11;
Mandibulofacial Dysostosis_D008342;48;48;1;1;1;1;
Glycogen Storage Disease Type III_D006010;48;48;1;1;1;1;
Dextrocardia_D003914;49;49;1;1;1;1;
Bronchiolitis Obliterans_D001989;49;49;44;5;5;5;
Chickenpox_D002644;49;49;3;1;1;1;
Osteomyelitis_D010019;49;49;20;1;1;1;
Uterine Prolapse_D014596;49;49;7;1;1;1;
Tachycardia, Ventricular_D017180;49;49;29;29;29;29;
Dystocia_D004420;49;49;4;3;3;3;
Dyskinesia, Drug-Induced_D004409;50;50;4;4;4;4;
Dyssomnias_D020920;50;50;1;1;1;1;
Hemothorax_D006491;50;50;1;1;1;1;
Encephalomyelitis, Autoimmune, Experimental_D004681;50;49;27;1;1;1;
Urinary Tract Infections_D014552;50;50;50;6;6;6;
Spasm_D013035;50;50;25;1;1;1;
Auditory Perceptual Disorders_D001308;50;50;1;1;1;1;
Lyme Disease_D008193;50;50;18;13;13;13;
Peptic Ulcer_D010437;50;50;6;1;1;1;
Perceptual Disorders_D010468;50;50;1;1;1;1;
Guillain-Barre Syndrome_D020275;50;44;20;1;1;1;
Hyperargininemia_D020162;50;50;1;1;1;1;
Hemorrhagic Fever, Crimean_D006479;50;50;27;3;3;3;
Varicocele_D014646;51;51;51;1;1;1;
Gait Apraxia_D020235;51;1;1;1;1;1;
Silicosis_D012829;51;51;9;1;1;1;
Mucopolysaccharidosis I_D008059;51;50;1;1;1;1;
Porphyria Cutanea Tarda_D017119;51;51;1;1;1;1;
Sjogren-Larsson Syndrome_D016111;51;51;1;1;1;1;
Hemophilia A_D006467;51;51;15;15;15;15;
Meniere Disease_D008575;51;51;1;1;1;1;
Propionic Acidemia_D056693;51;51;10;10;10;10;
Vulvar Diseases_D014845;52;52;1;1;1;1;
Hemostatic Disorders_D020141;52;52;38;16;16;16;
Epidermodysplasia Verruciformis_D004819;52;52;1;1;1;1;
Cerebral Palsy_D002547;52;48;14;9;9;9;
Dental Pulp Calcification_D003784;53;52;52;1;1;1;
Osteolysis_D010014;53;53;53;1;1;1;
Polyploidy_D011123;53;52;1;1;1;1;
Ectodermal Dysplasia_D004476;53;52;48;8;8;8;
Retinal Hemorrhage_D012166;53;53;1;1;1;1;
Andersen Syndrome_D050030;53;53;2;1;1;1;
Argininosuccinic Aciduria_D056807;53;53;1;1;1;1;
Hyperthyroidism_D006980;54;54;1;1;1;1;
Genetic Diseases, X-Linked_D040181;54;54;1;1;1;1;
Laryngostenosis_D007829;54;54;1;1;1;1;
Lipodystrophy, Familial Partial_D052496;54;54;24;1;1;1;
Pulmonary Embolism_D011655;54;54;1;1;1;1;
Facial Pain_D005157;54;54;1;1;1;1;
Ichthyosis Vulgaris_D016112;54;51;6;1;1;1;
Rhabdoid Tumor_D018335;54;53;51;17;17;17;
West Nile Fever_D014901;54;54;11;1;1;1;
LEOPARD Syndrome_D044542;54;54;1;1;1;1;
Hyperparathyroidism_D006961;55;41;41;1;1;1;
Ichthyosis_D007057;55;55;55;1;1;1;
Phyllodes Tumor_D003557;55;55;18;18;18;18;
Sunburn_D013471;55;55;10;1;1;1;
Epilepsy, Complex Partial_D017029;55;55;6;6;6;6;
Gonadal Dysgenesis, 46,XX_D023961;55;55;5;1;1;1;
Growth Hormone-Secreting Pituitary Adenoma_D049912;55;55;24;13;13;13;
Granuloma, Pyogenic_D017789;55;55;1;1;1;1;
Heart Septal Defects, Ventricular_D006345;55;55;26;21;21;21;
Pulmonary Valve Insufficiency_D011665;55;55;1;1;1;1;
Epidermolysis Bullosa Simplex_D016110;56;55;55;1;1;1;
Cholangitis, Sclerosing_D015209;56;1;1;1;1;1;
Psychoses, Alcoholic_D011604;56;56;6;1;1;1;
Epilepsy, Benign Neonatal_D020936;56;56;2;1;1;1;
Body Dysmorphic Disorders_D057215;56;56;1;1;1;1;
Constipation_D003248;56;56;1;1;1;1;
Meningococcal Infections_D008589;56;56;26;22;22;22;
Glycogen Storage Disease Type VII_D006014;56;56;1;1;1;1;
Tracheal Diseases_D014133;57;57;1;1;1;1;
Mouth Abnormalities_D009056;57;57;4;4;4;4;
Corneal Ulcer_D003320;57;57;1;1;1;1;
Balkan Nephropathy_D001449;57;57;4;3;3;3;
Esophageal Atresia_D004933;57;57;28;24;24;24;
Thrombocytopenia, Neonatal Alloimmune_D054098;57;57;39;1;1;1;
Varicose Ulcer_D014647;57;57;1;1;1;1;
Pick Disease of the Brain_D020774;57;57;22;21;21;21;
Salpingitis_D012488;58;39;1;1;1;1;
Digestive System Neoplasms_D004067;58;58;4;1;1;1;
Anterior Compartment Syndrome_D000868;58;58;29;1;1;1;
Ascorbic Acid Deficiency_D001206;58;58;1;1;1;1;
Femoral Fractures_D005264;58;58;15;7;7;7;
Brachial Plexus Neuropathies_D020516;58;47;1;1;1;1;
Musculoskeletal Pain_D059352;59;59;1;1;1;1;
Pelvic Organ Prolapse_D056887;59;50;1;1;1;1;
Tendon Injuries_D013708;59;59;5;1;1;1;
Anemia, Hemolytic_D000743;59;59;58;1;1;1;
Thyrotoxicosis_D013971;59;59;10;1;1;1;
Mycotoxicosis_D015651;59;59;1;1;1;1;
Respiratory Tract Infections_D012141;59;59;36;18;18;18;
Dental Enamel Hypoplasia_D003744;59;41;2;1;1;1;
Pneumonia, Pneumococcal_D011018;59;59;38;10;10;10;
Endarteritis_D004692;60;1;1;1;1;1;
Hypoalbuminemia_D034141;60;60;60;1;1;1;
Vulvitis_D014847;60;1;1;1;1;1;
Foot Ulcer_D016523;60;60;20;1;1;1;
Myxedema_D009230;60;1;1;1;1;1;
Toxoplasmosis_D014123;60;60;49;1;1;1;
Exocrine Pancreatic Insufficiency_D010188;60;60;3;1;1;1;
Intracranial Hemorrhages_D020300;60;60;27;1;1;1;
Leukorrhea_D007973;60;1;1;1;1;1;
Conjunctivitis_D003231;60;60;1;1;1;1;
Piebaldism_D016116;60;60;1;1;1;1;
Choroideremia_D015794;60;60;1;1;1;1;
Silver-Russell Syndrome_D056730;60;60;10;1;1;1;
Urinary Bladder, Neurogenic_D001750;60;52;1;1;1;1;
Tuberculosis, Meningeal_D014390;60;60;11;10;10;10;
Glucosephosphate Dehydrogenase Deficiency_D005955;60;59;5;1;1;1;
Chills_D023341;61;61;61;1;1;1;
Hemolysis_D006461;61;61;61;1;1;1;
Puerperal Disorders_D011644;61;61;1;1;1;1;
Hypothalamic Diseases_D007027;61;1;1;1;1;1;
Paraparesis_D020335;61;61;1;1;1;1;
Sebaceous Gland Neoplasms_D012626;61;61;34;19;19;19;
Lymphohistiocytosis, Hemophagocytic_D051359;61;61;59;1;1;1;
Solitary Fibrous Tumors_D054364;61;61;30;12;12;12;
Conduct Disorder_D019955;61;61;60;1;1;1;
Genital Neoplasms, Female_D005833;61;61;36;1;1;1;
Polydipsia_D059606;61;61;1;1;1;1;
Arthritis, Gouty_D015210;61;61;21;21;21;21;
Neurotic Disorders_D009497;61;61;1;1;1;1;
Adrenal Cortex Diseases_D000303;62;54;54;32;32;32;
Enterocolitis, Neutropenic_D044504;62;16;16;1;1;1;
Embolism_D004617;62;62;1;1;1;1;
Arachnoiditis_D001100;62;62;1;1;1;1;
Sexual Dysfunction, Physiological_D012735;62;61;50;21;21;21;
Glycogen Storage Disease_D006008;62;62;48;39;39;39;
Meningitis, Bacterial_D016920;62;62;40;37;37;37;
Achondroplasia_D000130;62;62;1;1;1;1;
Histiocytoma, Malignant Fibrous_D051677;62;62;21;1;1;1;
Movement Disorders_D009069;62;62;26;1;1;1;
Paraganglioma, Extra-Adrenal_D010236;62;62;10;6;6;6;
Glycogen Storage Disease Type V_D006012;62;62;24;24;24;24;
Unverricht-Lundborg Syndrome_D020194;62;62;13;13;13;13;
Cardiac Output, Low_D002303;63;53;53;1;1;1;
Adenomatous Polyps_D018256;63;63;30;15;15;15;
Hypoparathyroidism_D007011;63;63;21;1;1;1;
Sarcoma, Alveolar Soft Part_D018234;63;63;58;1;1;1;
Cholestasis, Intrahepatic_D002780;63;1;1;1;1;1;
Lymphedema_D008209;63;63;18;1;1;1;
Spinal Stenosis_D013130;63;63;1;1;1;1;
Tinea_D014005;63;63;1;1;1;1;
Entropion_D004774;63;63;1;1;1;1;
Erythema_D004890;63;63;42;10;10;10;
Pelizaeus-Merzbacher Disease_D020371;63;63;23;1;1;1;
Hydrocephalus_D006849;64;64;64;1;1;1;
Muscle Rigidity_D009127;64;58;40;35;35;35;
Teratoma_D013724;64;64;1;1;1;1;
Muscular Dystrophies, Limb-Girdle_D049288;64;64;60;6;6;6;
Vision, Low_D015354;64;64;9;9;9;9;
Fibrous Dysplasia of Bone_D005357;64;64;2;1;1;1;
Epilepsy, Post-Traumatic_D004834;64;62;1;1;1;1;
Polydactyly_D017689;64;64;1;1;1;1;
Sialorrhea_D012798;64;64;13;13;13;13;
Rhabdomyosarcoma, Embryonal_D018233;65;65;65;34;34;34;
Hyperuricemia_D033461;65;65;1;1;1;1;
Heart Block_D006327;65;65;1;1;1;1;
Pelvic Inflammatory Disease_D000292;65;65;21;5;5;5;
Anthrax_D000881;65;65;1;1;1;1;
Alexander Disease_D038261;65;65;1;1;1;1;
Prolactinoma_D015175;65;65;1;1;1;1;
Urinary Bladder Calculi_D001744;65;65;1;1;1;1;
Status Epilepticus_D013226;66;66;3;1;1;1;
Hypospadias_D007021;66;39;5;1;1;1;
Brugada Syndrome_D053840;66;66;25;11;11;11;
Hereditary Sensory and Motor Neuropathy_D015417;66;66;38;31;31;31;
Encephalomyelitis_D004679;67;1;1;1;1;1;
Cardiomegaly_D006332;67;67;1;1;1;1;
Vaginal Diseases_D014623;67;67;1;1;1;1;
Adenoma, Oxyphilic_D018249;67;67;39;1;1;1;
Essential Tremor_D020329;67;67;43;1;1;1;
Endocardial Fibroelastosis_D004695;67;61;1;1;1;1;
Megalencephaly_D058627;67;67;1;1;1;1;
Zellweger Syndrome_D015211;67;67;1;1;1;1;
Trigeminal Neuralgia_D014277;67;67;1;1;1;1;
Exfoliation Syndrome_D017889;67;67;36;36;36;36;
Sialometaplasia, Necrotizing_D012797;68;24;1;1;1;1;
Ossification, Heterotopic_D009999;68;68;12;1;1;1;
Histiocytosis_D015614;68;68;10;1;1;1;
Hypopharyngeal Neoplasms_D007012;68;68;38;1;1;1;
Arteriovenous Malformations_D001165;68;68;40;30;30;30;
Situs Inversus_D012857;68;68;1;1;1;1;
Dyslexia_D004410;68;68;1;1;1;1;
Hypersensitivity, Immediate_D006969;68;68;1;1;1;1;
Carcinoma, Endometrioid_D018269;69;69;69;1;1;1;
Foot Diseases_D005534;69;1;1;1;1;1;
Heart Arrest_D006323;69;69;1;1;1;1;
Amaurosis Fugax_D020757;69;69;1;1;1;1;
Pseudolymphoma_D019310;69;67;1;1;1;1;
Urinary Retention_D016055;69;69;6;6;6;6;
Surgical Wound Dehiscence_D013529;69;69;10;10;10;10;
Prader-Willi Syndrome_D011218;69;69;37;14;14;14;
Cystinosis_D003554;69;69;23;23;23;23;
Biliary Atresia_D001656;70;70;49;1;1;1;
Cholecystolithiasis_D041761;70;70;14;8;8;8;
Pemphigoid, Bullous_D010391;70;70;55;10;10;10;
Poisoning_D011041;70;66;1;1;1;1;
Gingival Hemorrhage_D005884;70;70;4;4;4;4;
Food Hypersensitivity_D005512;70;70;50;49;49;49;
Hand-Foot Syndrome_D060831;70;70;8;1;1;1;
Varicose Veins_D014648;70;70;4;3;3;3;
Ear Neoplasms_D004428;71;71;71;1;1;1;
Osteoporotic Fractures_D058866;71;65;65;1;1;1;
Hip Fractures_D006620;71;71;4;1;1;1;
Oral Submucous Fibrosis_D009914;71;71;1;1;1;1;
Vertigo_D014717;71;71;1;1;1;1;
Pantothenate Kinase-Associated Neurodegeneration_D006211;71;71;1;1;1;1;
Community-Acquired Infections_D017714;72;71;52;1;1;1;
Hyphema_D006988;72;72;1;1;1;1;
Pneumococcal Infections_D011008;72;72;30;30;30;30;
Spinal Fractures_D016103;72;72;1;1;1;1;
Laryngeal Diseases_D007818;72;69;34;32;32;32;
Granulomatosis with Polyangiitis_D014890;72;72;40;28;28;28;
Barth Syndrome_D056889;72;72;1;1;1;1;
Olfactory Nerve Injuries_D061219;72;72;41;41;41;41;
Chest Pain_D002637;73;73;5;5;5;5;
Peripheral Nerve Injuries_D059348;73;73;5;1;1;1;
Scleritis_D015423;73;73;1;1;1;1;
Ependymoma_D004806;73;73;31;1;1;1;
Laryngomalacia_D055092;73;73;73;1;1;1;
Myoclonus_D009207;73;73;1;1;1;1;
Myopathies, Structural, Congenital_D020914;73;73;20;1;1;1;
Poland Syndrome_D011045;73;70;8;1;1;1;
Fibromyalgia_D005356;73;73;51;51;51;51;
Neuroectodermal Tumors_D017599;74;73;24;3;3;3;
Fallopian Tube Neoplasms_D005185;74;74;36;9;9;9;
Perinatal Death_D066087;74;21;1;1;1;1;
Congenital Hypothyroidism_D003409;74;74;18;1;1;1;
Maple Syrup Urine Disease_D008375;74;74;1;1;1;1;
Duane Retraction Syndrome_D004370;74;74;22;22;22;22;
Gliosis_D005911;75;75;9;1;1;1;
Memory Disorders_D008569;75;74;1;1;1;1;
Abortion, Threatened_D000033;75;75;6;5;5;5;
Drug Eruptions_D003875;75;75;33;7;7;7;
Ichthyosis, Lamellar_D017490;75;75;19;19;19;19;
Glaucoma, Angle-Closure_D015812;75;75;39;39;39;39;
Fanconi Syndrome_D005198;76;67;67;1;1;1;
Neoplasms, Mesothelial_D018301;76;76;76;1;1;1;
Dementia, Vascular_D015140;76;27;1;1;1;1;
Gingival Hypertrophy_D005886;76;76;1;1;1;1;
Orbital Cellulitis_D054517;76;1;1;1;1;1;
Goiter, Nodular_D006044;76;76;22;6;6;6;
Tracheoesophageal Fistula_D014138;76;76;1;1;1;1;
Nocturnal Enuresis_D053206;76;76;1;1;1;1;
Tetralogy of Fallot_D013771;76;76;21;1;1;1;
Dysautonomia, Familial_D004402;76;76;7;7;7;7;
Lipodystrophy_D008060;77;77;1;1;1;1;
Gingival Hyperplasia_D005885;77;77;20;4;4;4;
Speech Disorders_D013064;77;77;33;32;32;32;
Epilepsy, Generalized_D004829;77;77;48;1;1;1;
Carcinoma, Lobular_D018275;77;77;39;1;1;1;
Lynch Syndrome II_D055847;77;77;9;9;9;9;
Shock, Hemorrhagic_D012771;78;78;78;7;7;7;
Biliary Tract Neoplasms_D001661;78;78;61;32;32;32;
Agranulocytosis_D000380;78;78;1;1;1;1;
Neuralgia_D009437;78;78;1;1;1;1;
Leukocyte Disorders_D007960;78;78;16;8;8;8;
Onychomycosis_D014009;78;78;1;1;1;1;
Autoimmune Lymphoproliferative Syndrome_D056735;78;78;55;28;28;28;
Thymus Hyperplasia_D013952;79;79;1;1;1;1;
Aspergillosis_D001228;79;79;51;26;26;26;
Tic Disorders_D013981;79;79;13;1;1;1;
IgA Deficiency_D017098;80;80;61;1;1;1;
Tachypnea_D059246;80;80;1;1;1;1;
Neonatal Abstinence Syndrome_D009357;80;80;24;19;19;19;
Hyperlipidemia, Familial Combined_D006950;80;80;47;47;47;47;
Leukokeratosis, Hereditary Mucosal_D053529;80;80;1;1;1;1;
Ascites_D001201;81;66;1;1;1;1;
Occupational Diseases_D009784;81;68;12;5;5;5;
Thrombocytosis_D013922;81;80;1;1;1;1;
Lymphangioleiomyomatosis_D018192;81;81;35;1;1;1;
Hyperbilirubinemia_D006932;81;80;37;37;37;37;
Supranuclear Palsy, Progressive_D013494;81;81;1;1;1;1;
Blepharoptosis_D001763;81;81;1;1;1;1;
Carcinoid Tumor_D002276;81;81;17;14;14;14;
Rheumatic Fever_D012213;81;81;1;1;1;1;
Pregnancy Complications, Neoplastic_D011252;82;76;76;1;1;1;
Edema, Cardiac_D004489;82;82;1;1;1;1;
Panic Disorder_D016584;82;82;1;1;1;1;
Coronary Occlusion_D054059;82;82;18;1;1;1;
Malaria, Vivax_D016780;82;82;14;10;10;10;
Paralysis, Hyperkalemic Periodic_D020513;82;82;1;1;1;1;
Folliculitis_D005499;83;83;83;1;1;1;
Fetal Alcohol Spectrum Disorders_D063647;83;83;1;1;1;1;
Oligodendroglioma_D009837;83;83;1;1;1;1;
Gallstones_D042882;83;83;12;12;12;12;
Striae Distensae_D057896;83;83;1;1;1;1;
Combat Disorders_D003130;84;84;70;1;1;1;
Hemospermia_D051516;84;1;1;1;1;1;
Epilepsies, Myoclonic_D004831;84;84;58;1;1;1;
Altitude Sickness_D000532;84;84;3;3;3;3;
Otitis Media_D010033;84;84;4;1;1;1;
Bird Diseases_D001715;85;85;36;1;1;1;
Hypoaldosteronism_D006994;85;85;1;1;1;1;
Polyneuropathies_D011115;85;85;1;1;1;1;
Asphyxia_D001237;85;85;1;1;1;1;
Epidermolysis Bullosa_D004820;85;85;11;8;8;8;
Antiphospholipid Syndrome_D016736;85;85;58;58;58;58;
Leukomalacia, Periventricular_D007969;85;85;1;1;1;1;
Gram-Positive Bacterial Infections_D016908;86;86;86;16;16;16;
Motor Skills Disorders_D019957;86;86;1;1;1;1;
Liposarcoma_D008080;86;86;7;7;7;7;
Tendinopathy_D052256;86;86;53;1;1;1;
Leukemia, Myelomonocytic, Chronic_D015477;86;86;77;47;47;47;
Carcinoma, Small Cell_D018288;86;86;20;20;20;20;
Syndactyly_D013576;86;86;1;1;1;1;
Rett Syndrome_D015518;86;86;1;1;1;1;
Embolism, Air_D004618;87;42;1;1;1;1;
Hypertrophy, Right Ventricular_D017380;87;87;9;8;8;8;
Meningitis, Viral_D008587;87;85;1;1;1;1;
Thrombophilia_D019851;87;87;15;15;15;15;
Amyloidosis_D000686;88;58;58;1;1;1;
Encephalomyelitis, Acute Disseminated_D004673;88;82;1;1;1;1;
Granuloma_D006099;88;88;14;1;1;1;
Meningitis_D008581;88;88;16;1;1;1;
Mycosis Fungoides_D009182;88;87;17;1;1;1;
Purpura, Thrombocytopenic_D011696;88;87;1;1;1;1;
Lymphocele_D008210;88;86;1;1;1;1;
Amyloid Neuropathies, Familial_D028227;88;88;25;17;17;17;
Hydatidiform Mole_D006828;88;88;16;13;13;13;
Emaciation_D004614;89;89;1;1;1;1;
Foot Injuries_D018409;89;53;1;1;1;1;
Gram-Negative Bacterial Infections_D016905;89;89;59;9;9;9;
Meningitis, Meningococcal_D008585;89;89;2;1;1;1;
Periapical Periodontitis_D010485;89;89;14;10;10;10;
Tremor_D014202;89;89;1;1;1;1;
Measles_D008457;90;4;1;1;1;1;
Spastic Paraplegia, Hereditary_D015419;90;90;77;76;76;76;
Hemoperitoneum_D006465;90;90;4;4;4;4;
Dermatitis, Photoallergic_D017454;90;84;1;1;1;1;
Tooth Abnormalities_D014071;90;90;5;5;5;5;
Candidiasis_D002177;90;90;51;51;51;51;
Mucopolysaccharidosis II_D016532;90;90;8;8;8;8;
Polycythemia_D011086;91;91;1;1;1;1;
Optic Atrophy_D009896;91;91;63;1;1;1;
Cholelithiasis_D002769;91;91;21;21;21;21;
Optic Nerve Diseases_D009901;91;91;1;1;1;1;
Autonomic Nervous System Diseases_D001342;91;91;5;5;5;5;
Hemangioma, Capillary_D018324;91;91;11;11;11;11;
Thymoma_D013945;92;92;1;1;1;1;
Aortic Aneurysm, Thoracic_D017545;92;92;49;13;13;13;
Leigh Disease_D007888;92;92;1;1;1;1;
Fatigue Syndrome, Chronic_D015673;92;92;44;44;44;44;
Albuminuria_D000419;93;36;36;1;1;1;
Sinusitis_D012852;93;93;58;1;1;1;
Hypoglycemia_D007003;93;93;25;7;7;7;
Radiodermatitis_D011855;93;93;1;1;1;1;
Gas Poisoning_D005739;94;25;25;1;1;1;
Epistaxis_D004844;94;94;5;5;5;5;
Spinal Cord Diseases_D013118;94;94;17;17;17;17;
Pyruvate Dehydrogenase Complex Deficiency Disease_D015325;94;94;28;28;28;28;
Toothache_D014098;95;95;1;1;1;1;
Vitamin B 12 Deficiency_D014806;95;95;12;12;12;12;
Eye Abnormalities_D005124;95;95;49;49;49;49;
Brachial Plexus Neuritis_D020968;95;95;1;1;1;1;
Bronchiolitis_D001988;96;82;82;1;1;1;
Bronchopneumonia_D001996;96;82;1;1;1;1;
Pain, Postoperative_D010149;96;96;46;41;41;41;
Pulmonary Heart Disease_D011660;96;96;1;1;1;1;
Parathyroid Diseases_D010279;96;96;43;10;10;10;
Ischemic Attack, Transient_D002546;96;96;18;16;16;16;
Carotid Artery Thrombosis_D002341;97;97;1;1;1;1;
Leiomyosarcoma_D007890;97;97;14;3;3;3;
Lens Diseases_D007905;97;80;1;1;1;1;
Multiple Sclerosis, Relapsing-Remitting_D020529;97;97;85;65;65;65;
Keratosis_D007642;97;97;1;1;1;1;
Rhinitis, Allergic, Seasonal_D006255;97;97;46;42;42;42;
Tuberculosis, Central Nervous System_D020306;98;89;89;1;1;1;
Folic Acid Deficiency_D005494;98;98;20;1;1;1;
Burns_D002056;98;98;78;1;1;1;
Bernard-Soulier Syndrome_D001606;98;98;15;1;1;1;
Intracranial Hypertension_D019586;98;98;9;4;4;4;
Keratosis, Actinic_D055623;98;98;25;19;19;19;
Malaria, Cerebral_D016779;99;99;99;5;5;5;
Megacolon_D008531;99;99;1;1;1;1;
Tuberculosis, Multidrug-Resistant_D018088;99;99;49;29;29;29;
Blast Crisis_D001752;99;99;55;40;40;40;
Neurofibromatoses_D017253;99;99;45;7;7;7;
Heart Septal Defects_D006343;99;99;87;76;76;76;
Cleidocranial Dysplasia_D002973;99;99;16;16;16;16;
Diabetic Foot_D017719;100;100;100;1;1;1;
Facial Injuries_D005151;100;100;69;1;1;1;
Hypertensive Retinopathy_D058437;101;19;19;1;1;1;
Pityriasis Lichenoides_D017514;101;101;1;1;1;1;
Exanthema_D005076;101;101;3;1;1;1;
Oligospermia_D009845;101;101;16;16;16;16;
Corneal Dystrophy, Juvenile Epithelial of Meesmann_D053559;101;101;14;8;8;8;
Myotonia Congenita_D009224;101;101;1;1;1;1;
Neural Tube Defects_D009436;102;102;102;10;10;10;
Seminoma_D018239;102;102;67;24;24;24;
Duodenal Ulcer_D004381;102;102;41;31;31;31;
Malnutrition_D044342;102;102;12;12;12;12;
Rheumatoid Vasculitis_D056653;103;103;103;1;1;1;
Granulosa Cell Tumor_D006106;103;103;89;46;46;46;
Periodontal Diseases_D010510;103;103;81;1;1;1;
Pain Insensitivity, Congenital_D000699;103;99;1;1;1;1;
Menorrhagia_D008595;103;103;42;42;42;42;
Gastrointestinal Hemorrhage_D006471;103;103;17;17;17;17;
Ameloblastoma_D000564;104;104;104;1;1;1;
Distal Myopathies_D049310;104;104;71;41;41;41;
Adjustment Disorders_D000275;104;104;1;1;1;1;
Corneal Dystrophies, Hereditary_D003317;104;104;1;1;1;1;
Meningeal Carcinomatosis_D055756;104;103;3;1;1;1;
Mitochondrial Diseases_D028361;105;105;57;1;1;1;
Endophthalmitis_D009877;105;105;1;1;1;1;
Liver Cirrhosis, Alcoholic_D008104;105;105;44;1;1;1;
Uterine Neoplasms_D014594;105;105;28;28;28;28;
Digestive System Diseases_D004066;105;105;12;3;3;3;
Fetal Membranes, Premature Rupture_D005322;105;105;79;77;77;77;
Neuroectodermal Tumors, Primitive_D018242;105;105;19;13;13;13;
Tics_D020323;105;105;1;1;1;1;
Williams Syndrome_D018980;105;105;56;49;49;49;
Cardiomyopathy, Alcoholic_D002310;106;106;29;12;12;12;
Dysarthria_D004401;106;106;1;1;1;1;
Eye Pain_D058447;106;106;49;1;1;1;
Leukopenia_D007970;106;106;1;1;1;1;
Pneumocephalus_D011007;106;1;1;1;1;1;
Puberty, Precocious_D011629;106;106;70;44;44;44;
Nasal Obstruction_D015508;106;106;33;33;33;33;
Paraparesis, Tropical Spastic_D015493;106;106;25;22;22;22;
DNA Repair-Deficiency Disorders_D049914;107;106;106;1;1;1;
Aging, Premature_D019588;107;107;68;30;30;30;
Parkinsonian Disorders_D020734;107;107;1;1;1;1;
Angina Pectoris, Variant_D000788;107;80;1;1;1;1;
Neurilemmoma_D009442;107;107;1;1;1;1;
Charcot-Marie-Tooth Disease_D002607;107;107;89;89;89;89;
Klinefelter Syndrome_D007713;107;107;14;14;14;14;
Wolff-Parkinson-White Syndrome_D014927;107;107;1;1;1;1;
Chordoma_D002817;108;108;51;33;33;33;
Peripheral Vascular Diseases_D016491;108;108;1;1;1;1;
Alcohol Withdrawal Seizures_D020270;108;108;20;17;17;17;
Paracoccidioidomycosis_D010229;108;108;49;49;49;49;
Leukemia, Myelomonocytic, Acute_D015479;108;108;25;25;25;25;
Aortic Rupture_D001019;109;109;109;1;1;1;
Hypertriglyceridemia_D015228;109;106;106;1;1;1;
Mastocytosis_D008415;109;109;1;1;1;1;
Language Disorders_D007806;109;109;55;7;7;7;
Leprosy, Tuberculoid_D015441;109;109;7;7;7;7;
Aortic Valve Insufficiency_D001022;109;109;4;4;4;4;
Hypobetalipoproteinemia, Familial, Apolipoprotein B_D052476;110;110;85;1;1;1;
Microphthalmos_D008850;110;110;1;1;1;1;
Sudden Infant Death_D013398;110;110;1;1;1;1;
Craniosynostoses_D003398;110;110;1;1;1;1;
Kidney Calculi_D007669;110;110;65;65;65;65;
Nephrolithiasis_D053040;110;110;65;65;65;65;
Esophagitis_D004941;111;111;7;1;1;1;
Tuberculosis, Osteoarticular_D014394;111;111;5;1;1;1;
Rheumatic Heart Disease_D012214;111;111;47;1;1;1;
Byssinosis_D002095;111;85;5;5;5;5;
Subarachnoid Hemorrhage_D013345;111;111;12;8;8;8;
Glomerulonephritis, Membranous_D015433;111;111;3;1;1;1;
Cholangitis_D002761;112;40;40;1;1;1;
Encephalitis, Viral_D018792;112;67;1;1;1;1;
Hernia_D006547;112;112;18;3;3;3;
Diarrhea_D003967;112;112;53;51;51;51;
Environmental Illness_D018876;113;113;41;35;35;35;
Influenza in Birds_D005585;113;113;1;1;1;1;
Refractive Errors_D012030;113;113;1;1;1;1;
Dysentery_D004403;113;113;7;1;1;1;
Ehlers-Danlos Syndrome_D004535;113;113;16;16;16;16;
Hearing Loss, High-Frequency_D006316;114;114;28;9;9;9;
Urticaria_D014581;114;114;1;1;1;1;
Keratoconus_D007640;115;63;63;1;1;1;
Pleural Effusion, Malignant_D016066;115;115;115;39;39;39;
Aneurysm, Dissecting_D000784;115;115;1;1;1;1;
Dissociative Disorders_D004213;115;115;1;1;1;1;
Dystonic Disorders_D020821;115;88;1;1;1;1;
Nephritis, Hereditary_D009394;115;115;48;35;35;35;
Myopathy, Central Core_D020512;115;115;1;1;1;1;
Trisomy_D014314;116;116;5;1;1;1;
Fasciculation_D005207;116;116;1;1;1;1;
Lymphoma, B-Cell, Marginal Zone_D018442;116;116;90;88;88;88;
Dwarfism, Pituitary_D004393;116;116;42;42;42;42;
Lewy Body Disease_D020961;116;116;91;81;81;81;
Language Development Disorders_D007805;117;102;4;1;1;1;
Carotid Artery Diseases_D002340;117;117;79;79;79;79;
Dystonia_D004421;117;117;1;1;1;1;
Mycobacterial infectious disease_D009164;117;117;33;33;33;33;
Polycystic Kidney, Autosomal Dominant_D016891;117;117;83;68;68;68;
Xeroderma Pigmentosum_D014983;117;117;1;1;1;1;
Antisocial Personality Disorder_D000987;117;117;1;1;1;1;
Bruxism_D002012;118;118;1;1;1;1;
Chlamydia Infections_D002690;119;119;63;11;11;11;
Gingival Diseases_D005882;119;119;1;1;1;1;
Pneumonia, Bacterial_D018410;119;119;10;1;1;1;
Leprosy, Lepromatous_D015440;119;119;28;4;4;4;
Parasitic Diseases_D010272;119;119;64;61;61;61;
Cachexia_D002100;120;120;120;1;1;1;
Adrenal Hyperplasia, Congenital_D000312;120;120;36;19;19;19;
Autonomic Dysreflexia_D020211;120;1;1;1;1;1;
Porphyria, Erythropoietic_D017092;120;120;1;1;1;1;
Carcinoma, Embryonal_D018236;121;121;49;1;1;1;
Carcinoma, Medullary_D018276;121;121;10;1;1;1;
Giant Cell Tumor of Bone_D018212;121;121;1;1;1;1;
Leukemia, Myelomonocytic, Juvenile_D054429;121;121;96;88;88;88;
Keratosis, Seborrheic_D017492;121;121;13;13;13;13;
Smith-Magenis Syndrome_D058496;122;122;54;1;1;1;
Anemia, Aplastic_D000741;122;122;41;1;1;1;
Paraplegia_D010264;122;122;10;10;10;10;
Bile Duct Diseases_D001649;123;123;123;64;64;64;
Intracranial Aneurysm_D002532;123;123;123;1;1;1;
Mitochondrial Myopathies_D017240;123;123;30;1;1;1;
Nerve Sheath Neoplasms_D018317;123;122;116;54;54;54;
Enterovirus Infections_D004769;123;123;78;67;67;67;
Carotid Artery Injuries_D020212;123;123;35;1;1;1;
Gerstmann-Straussler-Scheinker Disease_D016098;123;123;1;1;1;1;
Multiple Pulmonary Nodules_D055613;124;124;67;1;1;1;
Granuloma, Plasma Cell_D006104;124;1;1;1;1;1;
Abdominal Pain_D015746;124;123;20;8;8;8;
Leishmaniasis_D007896;124;124;48;10;10;10;
Scoliosis_D012600;125;117;1;1;1;1;
Lactation Disorders_D007775;125;125;6;1;1;1;
Adenoma, Islet Cell_D007516;125;125;8;8;8;8;
Nevus, Pigmented_D009508;125;125;9;9;9;9;
CREST Syndrome_D017675;125;125;1;1;1;1;
Conjunctival Diseases_D003229;126;126;95;56;56;56;
Anorexia Nervosa_D000856;126;126;25;23;23;23;
Goiter_D006042;126;126;40;33;33;33;
Dermatitis, Allergic Contact_D017449;127;127;43;19;19;19;
Canavan Disease_D017825;127;127;1;1;1;1;
Rhinitis, Atrophic_D012222;128;123;123;1;1;1;
Puberty, Delayed_D011628;128;128;37;32;32;32;
Salmonella Food Poisoning_D012478;128;128;1;1;1;1;
Pneumonia, Lipid_D011017;128;128;1;1;1;1;
Retrograde Degeneration_D012183;128;128;1;1;1;1;
Tooth Injuries_D018677;128;128;12;12;12;12;
Respiratory Distress Syndrome, Newborn_D012127;128;128;22;13;13;13;
Myocardial Reperfusion Injury_D015428;129;129;129;1;1;1;
Hepatoblastoma_D018197;129;129;38;5;5;5;
Polymyositis_D017285;129;129;1;1;1;1;
Lymphatic Diseases_D008206;129;129;4;1;1;1;
Telangiectasis_D013684;129;123;6;6;6;6;
Cutaneous Fistula_D017577;129;129;15;7;7;7;
Hemangioma_D006391;129;129;68;68;68;68;
Exostoses, Multiple Hereditary_D005097;129;129;1;1;1;1;
Epilepsy, Reflex_D020195;130;130;1;1;1;1;
Pleural Effusion_D010996;130;130;130;7;7;7;
Spinocerebellar Ataxias_D020754;130;130;1;1;1;1;
Eye Hemorrhage_D005130;130;130;25;21;21;21;
Hyperlipidemias_D006949;130;130;1;1;1;1;
Respiratory Sounds_D012135;130;130;1;1;1;1;
Endocardial Cushion Defects_D004694;131;131;5;1;1;1;
Nutrition Disorders_D009748;131;131;84;33;33;33;
Pilonidal Sinus_D010864;132;132;1;1;1;1;
Coronavirus Infections_D018352;133;133;12;12;12;12;
Gout_D006073;133;133;13;7;7;7;
Macrostomia_D008265;133;133;76;62;62;62;
Buruli Ulcer_D054312;133;133;5;1;1;1;
Penile Induration_D010411;133;133;1;1;1;1;
Acidosis_D000138;134;17;17;1;1;1;
Neoplasm Recurrence, Local_D009364;134;133;38;1;1;1;
Systemic Vasculitis_D056647;134;134;107;1;1;1;
Hyperaldosteronism_D006929;134;134;21;15;15;15;
Pulmonary Emphysema_D011656;134;134;125;39;39;39;
Brain Stem Infarctions_D020526;134;134;22;9;9;9;
Pheochromocytoma_D010673;134;134;79;78;78;78;
Pulmonary Edema_D011654;135;135;1;1;1;1;
Retroperitoneal Fibrosis_D012185;135;135;1;1;1;1;
Low Tension Glaucoma_D057066;135;135;59;30;30;30;
Uveitis_D014605;136;136;1;1;1;1;
Prostatic Intraepithelial Neoplasia_D019048;136;136;39;1;1;1;
Hypernatremia_D006955;136;136;27;27;27;27;
Oral Ulcer_D019226;137;137;30;30;30;30;
Galactorrhea_D005687;137;137;1;1;1;1;
Genital Diseases, Female_D005831;139;139;49;49;49;49;
Leukodystrophy, Metachromatic_D007966;139;139;1;1;1;1;
Mesenchymoma_D008637;140;129;1;1;1;1;
Myositis Ossificans_D009221;140;140;58;32;32;32;
Autoimmune Diseases of the Nervous System_D020274;140;1;1;1;1;1;
Dilatation, Pathologic_D004108;140;140;1;1;1;1;
Lymphoproliferative Disorders_D008232;140;140;62;61;61;61;
Liver Failure, Acute_D017114;140;140;113;80;80;80;
Gastroesophageal Reflux_D005764;140;140;51;51;51;51;
Pleural Diseases_D010995;141;141;1;1;1;1;
Purpura_D011693;141;130;15;14;14;14;
Chromosome Aberrations_D002869;141;141;1;1;1;1;
Anophthalmos_D000853;141;141;17;17;17;17;
Leukoencephalitis, Acute Hemorrhagic_D004684;141;141;30;30;30;30;
Cadmium Poisoning_D002105;142;109;1;1;1;1;
Parathyroid Neoplasms_D010282;142;142;53;15;15;15;
Porphyria, Acute Intermittent_D017118;142;142;1;1;1;1;
Encephalocele_D004677;142;142;1;1;1;1;
Asthenozoospermia_D053627;143;143;4;4;4;4;
Parkinson Disease, Secondary_D010302;143;143;1;1;1;1;
Bronchopulmonary Dysplasia_D001997;144;144;92;12;12;12;
Plasmacytoma_D010954;144;144;58;58;58;58;
Uterine Cervical Incompetence_D002581;144;144;14;14;14;14;
Microstomia_D008865;145;145;1;1;1;1;
Carcinoma, Adenosquamous_D018196;145;145;39;5;5;5;
Hypoalphalipoproteinemias_D052456;145;145;60;1;1;1;
Lichen Planus_D008010;145;120;89;1;1;1;
Thromboembolism_D013923;145;145;11;11;11;11;
Anaphylaxis_D000707;145;145;15;9;9;9;
Respiratory Syncytial Virus Infections_D018357;146;140;1;1;1;1;
Chromosome Breakage_D019457;146;146;1;1;1;1;
Vasculitis_D014657;147;147;1;1;1;1;
Palatal Neoplasms_D010157;147;147;32;32;32;32;
AIDS-Related Complex_D000386;147;147;5;1;1;1;
Gestational Trophoblastic Disease_D031901;147;146;72;1;1;1;
Optic Atrophy, Hereditary, Leber_D029242;147;147;28;19;19;19;
Venous Thrombosis_D020246;148;148;1;1;1;1;
Purpura, Schoenlein-Henoch_D011695;148;148;15;15;15;15;
Brain Edema_D001929;149;149;25;1;1;1;
Surgical Wound Infection_D013530;149;149;1;1;1;1;
Arthralgia_D018771;149;149;80;76;76;76;
Monoclonal Gammopathy of Undetermined Significance_D008998;149;149;29;11;11;11;
Thyroiditis_D013966;150;127;127;1;1;1;
Hand Injuries_D006230;150;150;1;1;1;1;
Lung Diseases, Interstitial_D017563;150;150;105;97;97;97;
Hypokinesia_D018476;150;150;8;5;5;5;
Arthritis, Reactive_D016918;151;151;1;1;1;1;
Dysmenorrhea_D004412;151;151;108;108;108;108;
Pigmentation Disorders_D010859;152;152;3;3;3;3;
Otitis_D010031;153;153;10;10;10;10;
Leprosy_D007918;153;153;123;1;1;1;
Knee Injuries_D007718;154;139;1;1;1;1;
Lysosomal Storage Diseases_D016464;154;154;8;8;8;8;
Korsakoff Syndrome_D020915;154;154;1;1;1;1;
Hypovolemia_D020896;156;148;1;1;1;1;
Paralysis_D010243;156;156;9;1;1;1;
Bradycardia_D001919;156;156;9;9;9;9;
Schizophrenia, Catatonic_D012560;156;123;1;1;1;1;
Serotonin Syndrome_D020230;158;158;24;24;24;24;
Obstetric Labor, Premature_D007752;158;158;127;115;115;115;
Plant Poisoning_D010939;159;92;1;1;1;1;
Glomerulonephritis_D005921;159;159;7;1;1;1;
Emphysema_D004646;159;159;41;39;39;39;
Marfan Syndrome_D008382;159;159;5;1;1;1;
Still's Disease, Adult-Onset_D016706;159;159;10;7;7;7;
Respiratory System Abnormalities_D015619;159;159;1;1;1;1;
Werner Syndrome_D014898;159;159;31;26;26;26;
Hemorrhagic Fever with Renal Syndrome_D006480;159;159;131;131;131;131;
Osteoarthritis, Spine_D055013;160;160;46;1;1;1;
Graft vs Host Disease_D006086;160;160;57;1;1;1;
Cleft Lip_D002971;160;159;77;77;77;77;
Metrorrhagia_D008796;160;141;17;16;16;16;
Hearing Loss, Sensorineural_D006319;160;160;150;150;150;150;
Hair Diseases_D006201;161;161;161;1;1;1;
Abdominal Neoplasms_D000008;161;161;66;1;1;1;
Intermittent Claudication_D007383;161;161;14;1;1;1;
Glomerulosclerosis, Focal Segmental_D005923;161;161;42;5;5;5;
Chagas Cardiomyopathy_D002598;162;162;1;1;1;1;
Eye Injuries_D005131;162;134;32;1;1;1;
Pulmonary Infarction_D054060;162;162;70;1;1;1;
Ectodermal Dysplasia 1, Anhidrotic_D053358;162;162;39;39;39;39;
Iron Overload_D019190;163;163;70;51;51;51;
Colitis, Ischemic_D017091;163;163;33;1;1;1;
Alopecia Areata_D000506;163;163;79;75;75;75;
Infertility, Female_D007247;164;164;76;67;67;67;
Heart Rupture_D006341;165;155;1;1;1;1;
Fetal Death_D005313;165;165;28;20;20;20;
Choriocarcinoma_D002822;165;165;1;1;1;1;
Aphasia_D001037;165;164;1;1;1;1;
Giant Cell Arteritis_D013700;165;165;27;27;27;27;
Anorexia_D000855;166;166;52;8;8;8;
Aortic Valve Stenosis_D001024;166;166;116;102;102;102;
Hypothyroidism_D007037;167;167;13;8;8;8;
Scleromyxedema_D053718;167;167;1;1;1;1;
Sleep Apnea Syndromes_D012891;167;167;69;69;69;69;
Diabetic Neuropathies_D003929;169;169;118;95;95;95;
Ankylosis_D000844;170;170;21;1;1;1;
Psychotic Disorders_D011618;170;170;50;23;23;23;
Cardiomyopathy, Hypertrophic, Familial_D024741;170;170;118;98;98;98;
Darier Disease_D007644;171;171;1;1;1;1;
Anaplasia_D000708;172;171;171;1;1;1;
Edema_D004487;172;172;67;27;27;27;
Nephrotic Syndrome_D009404;173;173;131;123;123;123;
Finger Injuries_D005383;174;174;1;1;1;1;
Hereditary Breast and Ovarian Cancer Syndrome_D061325;175;31;3;1;1;1;
Stomatitis_D013280;175;175;15;1;1;1;
Xerostomia_D014987;176;176;1;1;1;1;
Frontotemporal Lobar Degeneration_D057174;177;177;26;26;26;26;
Dwarfism_D004392;177;177;89;89;89;89;
Eye Infections_D015817;178;178;1;1;1;1;
Hyponatremia_D007010;179;179;1;1;1;1;
Cytomegalovirus Retinitis_D017726;179;102;4;1;1;1;
Rectal Diseases_D012002;179;179;109;1;1;1;
Coronary Thrombosis_D003328;179;179;161;1;1;1;
Pemphigoid, Benign Mucous Membrane_D010390;179;179;15;8;8;8;
Confusion_D003221;179;179;1;1;1;1;
Coronary Aneurysm_D003323;180;180;24;1;1;1;
Ventricular Dysfunction, Left_D018487;180;180;73;53;53;53;
HTLV-I Infections_D015490;180;180;26;1;1;1;
Polymyalgia Rheumatica_D011111;181;181;16;16;16;16;
Mouth Diseases_D009059;182;182;81;6;6;6;
Leukemia, Large Granular Lymphocytic_D054066;182;182;62;62;62;62;
Esophageal Stenosis_D004940;183;183;1;1;1;1;
Myasthenia Gravis_D009157;183;183;16;1;1;1;
Hypesthesia_D006987;183;183;3;3;3;3;
Skin Ulcer_D012883;184;184;77;74;74;74;
Muscular Dystrophy, Duchenne_D020388;184;184;54;49;49;49;
Iron Metabolism Disorders_D019189;185;185;178;57;57;57;
Pregnancy Complications, Cardiovascular_D011249;186;185;185;1;1;1;
Cerebellar Neoplasms_D002528;186;186;53;5;5;5;
Choroid Diseases_D015862;186;186;114;39;39;39;
Tinea Pedis_D014008;186;96;1;1;1;1;
Cattle Diseases_D002418;187;187;96;1;1;1;
Sleep Apnea, Obstructive_D020181;187;187;104;95;95;95;
Dyslipidemias_D050171;188;188;4;4;4;4;
Nose Neoplasms_D009669;188;187;1;1;1;1;
Cardiomyopathy, Hypertrophic_D002312;188;188;187;168;168;168;
Skin Abnormalities_D012868;188;188;43;18;18;18;
Carotid Stenosis_D016893;188;188;58;17;17;17;
Pancreatitis, Alcoholic_D019512;189;189;92;86;86;86;
Migraine without Aura_D020326;189;189;73;21;21;21;
Asthma, Aspirin-Induced_D055963;189;189;89;62;62;62;
Lymphoma, Mantle-Cell_D020522;189;189;1;1;1;1;
Pituitary Diseases_D010900;191;191;17;17;17;17;
Gynecomastia_D006177;192;192;1;1;1;1;
Arsenic Poisoning_D020261;193;121;14;14;14;14;
Chagas Disease_D014355;193;193;44;43;43;43;
Lymphoma, Large-Cell, Anaplastic_D017728;193;193;105;105;105;105;
Glossitis_D005928;194;194;194;1;1;1;
Connective Tissue Diseases_D003240;194;194;136;103;103;103;
Gallbladder Diseases_D005705;194;194;104;63;63;63;
Headache_D006261;194;194;154;154;154;154;
Anxiety Disorders_D001008;196;196;153;148;148;148;
Coronary Stenosis_D023921;196;196;176;23;23;23;
Pressure Ulcer_D003668;196;196;53;53;53;53;
Anemia, Dyserythropoietic, Congenital_D000742;197;197;5;5;5;5;
Hypertrophy, Left Ventricular_D017379;197;197;127;121;121;121;
Nevus_D009506;197;197;78;73;73;73;
Cervical Intraepithelial Neoplasia_D018290;198;197;152;114;114;114;
Myopia_D009216;198;198;1;1;1;1;
Retinal Dystrophies_D058499;199;199;199;1;1;1;
Tay-Sachs Disease, AB Variant_D049290;199;199;1;1;1;1;
Lichen Nitidus_D017513;200;1;1;1;1;1;
Nephritis_D009393;200;150;150;1;1;1;
Neurasthenia_D009440;200;1;1;1;1;1;
Sclerosis_D012598;200;1;1;1;1;1;
Shock, Traumatic_D012774;200;1;1;1;1;1;
Acrocephalosyndactylia_D000168;200;36;1;1;1;1;
Capgras Syndrome_D002194;200;1;1;1;1;1;
Child Behavior Disorders_D002653;200;170;1;1;1;1;
Duodenal Diseases_D004378;200;90;1;1;1;1;
Graft Occlusion, Vascular_D006083;200;1;1;1;1;1;
Hypertension, Pulmonary_D006976;200;154;1;1;1;1;
Lameness, Animal_D007794;200;179;1;1;1;1;
Potassium Deficiency_D011191;200;1;1;1;1;1;
Scabies_D012532;200;1;1;1;1;1;
Spinal Neoplasms_D013125;200;1;1;1;1;1;
Ventricular Flutter_D054141;200;36;1;1;1;1;
Zygomycosis_D020096;200;1;1;1;1;1;
Nocardia Infections_D009617;200;1;1;1;1;1;
Spinal Diseases_D013122;200;1;1;1;1;1;
Chromoblastomycosis_D002862;200;1;1;1;1;1;
Epilepsy, Absence_D004832;200;1;1;1;1;1;
Fat Necrosis_D005218;200;117;1;1;1;1;
Gingival Recession_D005889;200;71;1;1;1;1;
Hypochondriasis_D006998;200;21;1;1;1;1;
Microcephaly_D008831;200;1;1;1;1;1;
Facial Neuralgia_D005156;200;2;1;1;1;1;
Mucinoses_D017520;200;1;1;1;1;1;
Sinoatrial Block_D012848;200;1;1;1;1;1;
Vitiligo_D014820;200;134;34;1;1;1;
Lice Infestations_D010373;200;1;1;1;1;1;
Reye Syndrome_D012202;200;119;1;1;1;1;
Diphyllobothriasis_D004169;200;1;1;1;1;1;
Disorders of Excessive Somnolence_D006970;200;1;1;1;1;1;
Night Terrors_D020184;200;16;1;1;1;1;
Otitis Externa_D010032;200;118;1;1;1;1;
Amnesia_D000647;200;131;1;1;1;1;
Incontinentia Pigmenti_D007184;200;200;1;1;1;1;
Wernicke Encephalopathy_D014899;200;14;1;1;1;1;
Enterobiasis_D017229;200;1;1;1;1;1;
Chronic Pain_D059350;201;201;201;1;1;1;
Hepatitis, Alcoholic_D006519;201;201;201;1;1;1;
Periodontitis_D010518;201;201;201;1;1;1;
Fetal Weight_D020567;201;201;1;1;1;1;
Rhinitis, Allergic, Perennial_D012221;201;201;201;1;1;1;
Schizotypal Personality Disorder_D012569;201;201;1;1;1;1;
Erythema Multiforme_D004892;201;201;1;1;1;1;
Iridocyclitis_D015863;201;201;1;1;1;1;
Peliosis Hepatis_D010382;201;201;1;1;1;1;
Leukemoid Reaction_D007955;201;201;1;1;1;1;
Lymphangiectasis, Intestinal_D008201;201;201;1;1;1;1;
Akathisia, Drug-Induced_D017109;201;201;1;1;1;1;
Blastomycosis_D001759;201;201;1;1;1;1;
Dyspareunia_D004414;201;201;1;1;1;1;
Eclampsia_D004461;201;201;1;1;1;1;
Dermatitis, Phototoxic_D017484;201;201;1;1;1;1;
Stomach Ulcer_D013276;201;201;152;146;146;146;
Muscular Atrophy_D009133;201;201;45;44;44;44;
Laron Syndrome_D046150;201;201;59;59;59;59;
Frontotemporal Dementia_D057180;201;201;145;145;145;145;
Neoplasms, Hormone-Dependent_D009376;202;201;201;5;5;5;
Phlebitis_D010689;202;202;1;1;1;1;
Achlorhydria_D000126;202;202;1;1;1;1;
Lipidoses_D008064;202;202;1;1;1;1;
Ascariasis_D001196;202;202;1;1;1;1;
Psychomotor Agitation_D011595;202;202;1;1;1;1;
Tennis Elbow_D013716;202;202;160;1;1;1;
Apnea_D001049;202;202;10;10;10;10;
Osteoarthropathy, Secondary Hypertrophic_D010005;202;202;1;1;1;1;
Vestibulocochlear Nerve Diseases_D000160;202;202;1;1;1;1;
Babesiosis_D001404;202;202;1;1;1;1;
Cerebral Hemorrhage_D002543;202;202;174;169;169;169;
Isaacs Syndrome_D020386;202;202;22;22;22;22;
Glaucoma_D005901;203;203;1;1;1;1;
Rhabdomyoma_D012207;203;203;1;1;1;1;
Erythromelalgia_D004916;203;203;1;1;1;1;
Tyrosinemias_D020176;203;203;2;1;1;1;
Epilepsy, Temporal Lobe_D004833;203;203;147;144;144;144;
Firesetting Behavior_D005391;203;203;1;1;1;1;
Fluorosis, Dental_D009050;203;203;1;1;1;1;
Leriche Syndrome_D007925;203;203;1;1;1;1;
Taeniasis_D013622;203;203;1;1;1;1;
Olfactory Nerve Diseases_D020431;203;203;1;1;1;1;
Muscle Hypotonia_D009123;203;203;24;24;24;24;
Low Back Pain_D017116;203;203;53;53;53;53;
Osteoarthropathy, Primary Hypertrophic_D010004;203;203;201;1;1;1;
Dermatitis_D003872;204;204;204;1;1;1;
Hepatic Insufficiency_D048550;204;204;204;1;1;1;
Wallerian Degeneration_D014855;204;204;204;1;1;1;
Acute Pain_D059787;204;204;1;1;1;1;
Bone Diseases, Metabolic_D001851;204;204;1;1;1;1;
Capillary Leak Syndrome_D019559;204;204;1;1;1;1;
Osteoporosis_D010024;204;204;31;1;1;1;
Hemifacial Spasm_D019569;204;204;1;1;1;1;
Trichotillomania_D014256;204;204;3;1;1;1;
Central Serous Chorioretinopathy_D056833;204;204;21;21;21;21;
Hyperlysinemias_D020167;204;204;1;1;1;1;
Mulibrey Nanism_D050336;204;204;202;1;1;1;
Bell Palsy_D020330;204;204;1;1;1;1;
Kartagener Syndrome_D007619;204;204;1;1;1;1;
alpha-Mannosidosis_D008363;204;204;1;1;1;1;
Hypophosphatemia, Familial_D007015;205;205;205;1;1;1;
Endocarditis, Bacterial_D004697;205;203;1;1;1;1;
Lip Diseases_D008047;205;205;60;36;36;36;
Steatorrhea_D045602;205;205;5;1;1;1;
Ebstein Anomaly_D004437;205;205;1;1;1;1;
Lecithin Cholesterol Acyltransferase Deficiency_D007863;205;205;9;1;1;1;
Lymphadenitis_D008199;206;206;1;1;1;1;
Thiamine Deficiency_D013832;206;206;1;1;1;1;
Tooth Demineralization_D017001;206;206;1;1;1;1;
Trypanosomiasis, African_D014353;206;206;3;1;1;1;
Alstrom Syndrome_D056769;206;206;1;1;1;1;
Sandhoff Disease_D012497;206;206;1;1;1;1;
Osteosclerosis_D010026;207;207;1;1;1;1;
Lupus Erythematosus, Discoid_D008179;207;207;12;1;1;1;
Mercury Poisoning, Nervous System_D020262;207;207;1;1;1;1;
Felty Syndrome_D005258;207;207;1;1;1;1;
Elliptocytosis, Hereditary_D004612;207;207;1;1;1;1;
Malaria_D008288;207;207;1;1;1;1;
Arrhythmias, Cardiac_D001145;207;207;64;64;64;64;
Retinal Degeneration_D012162;208;208;70;1;1;1;
Atrial Flutter_D001282;208;208;3;1;1;1;
Colonic Polyps_D003111;208;208;132;96;96;96;
Feminization_D005262;208;208;1;1;1;1;
Massive Hepatic Necrosis_D047508;208;208;28;1;1;1;
Reperfusion Injury_D015427;208;208;8;1;1;1;
Spermatic Cord Torsion_D013086;208;208;1;1;1;1;
Sturge-Weber Syndrome_D013341;208;208;1;1;1;1;
Rosacea_D012393;209;209;1;1;1;1;
Kidney Cortex Necrosis_D007673;209;209;11;11;11;11;
Contusions_D003288;209;209;1;1;1;1;
Keratitis, Herpetic_D016849;209;209;7;4;4;4;
Deglutition Disorders_D003680;209;209;1;1;1;1;
Dental Pulp Necrosis_D003790;209;209;90;90;90;90;
Uveitis, Anterior_D014606;210;210;210;1;1;1;
Invasive Pulmonary Aspergillosis_D055744;210;210;1;1;1;1;
Nephrocalcinosis_D009397;210;210;1;1;1;1;
Suppuration_D013492;210;210;16;1;1;1;
Syphilis_D013587;210;210;1;1;1;1;
Embolism, Cholesterol_D017700;210;210;1;1;1;1;
Lymphoma, T-Cell, Cutaneous_D016410;210;210;178;166;166;166;
Acromegaly_D000172;210;210;18;18;18;18;
Toxoplasmosis, Cerebral_D016781;210;210;5;3;3;3;
Citrullinemia_D020159;210;210;1;1;1;1;
Mineralocorticoid Excess Syndrome, Apparent_D043204;211;211;2;1;1;1;
Vaginosis, Bacterial_D016585;211;211;1;1;1;1;
Pallister-Hall Syndrome_D054975;211;211;1;1;1;1;
Pyruvate Carboxylase Deficiency Disease_D015324;211;211;10;1;1;1;
Alveolitis, Extrinsic Allergic_D000542;211;211;19;19;19;19;
Carcinoma, Intraductal, Noninfiltrating_D002285;211;211;103;99;99;99;
Fetal Hypoxia_D005311;212;212;212;1;1;1;
Cholecystitis_D002764;212;211;31;1;1;1;
Respiratory Insufficiency_D012131;212;212;6;1;1;1;
Hemoglobinopathies_D006453;212;212;17;17;17;17;
Median Neuropathy_D020423;212;212;78;78;78;78;
Smith-Lemli-Opitz Syndrome_D019082;212;212;1;1;1;1;
Giant Axonal Neuropathy_D056768;213;212;17;1;1;1;
Enteritis_D004751;213;213;207;3;3;3;
Heart Valve Diseases_D006349;213;213;22;21;21;21;
Hemangioendothelioma_D006390;213;213;199;199;199;199;
Dystonia Musculorum Deformans_D004422;213;213;1;1;1;1;
Leukemia, Myeloid, Chronic, Atypical, BCR-ABL Negative_D054438;213;213;190;190;190;190;
Brain Death_D001926;214;214;1;1;1;1;
Heat Stress Disorders_D018882;214;214;42;42;42;42;
Gastroparesis_D018589;214;214;1;1;1;1;
Ovarian Cysts_D010048;214;214;28;28;28;28;
Gangliosidosis, GM1_D016537;214;214;1;1;1;1;
Corneal Neovascularization_D016510;214;214;52;52;52;52;
Nervous System Malformations_D009421;214;214;76;76;76;76;
Hyper-IgM Immunodeficiency Syndrome, Type 1_D053307;214;214;12;6;6;6;
Liver Diseases, Alcoholic_D008108;215;215;67;45;45;45;
Premenstrual Syndrome_D011293;215;215;10;4;4;4;
Toxoplasmosis, Congenital_D014125;215;215;24;1;1;1;
Chondrosarcoma_D002813;215;215;111;1;1;1;
Trichomonas Vaginitis_D014247;215;215;1;1;1;1;
Aicardi Syndrome_D058540;215;215;1;1;1;1;
Nevus, Sebaceous of Jadassohn_D054000;215;215;1;1;1;1;
Renal Insufficiency, Chronic_D051436;216;216;19;1;1;1;
Cataplexy_D002385;216;216;1;1;1;1;
Mastocytosis, Cutaneous_D034701;216;216;5;1;1;1;
Giardiasis_D005873;216;216;1;1;1;1;
Mastodynia_D059373;216;216;1;1;1;1;
Vision Disorders_D014786;217;217;123;89;89;89;
Dermatitis Herpetiformis_D003874;217;217;1;1;1;1;
Urolithiasis_D052878;217;217;1;1;1;1;
Optic Atrophy, Autosomal Dominant_D029241;217;217;41;37;37;37;
Rhabdomyosarcoma_D012208;218;218;47;47;47;47;
Multiple Chemical Sensitivity_D018777;218;218;18;5;5;5;
Herpes Simplex_D006561;218;218;207;173;173;173;
Rhabdomyosarcoma, Alveolar_D018232;218;218;88;87;87;87;
Hematuria_D006417;218;218;1;1;1;1;
Diabetic Ketoacidosis_D016883;218;218;9;1;1;1;
Coma_D003128;218;218;1;1;1;1;
Neck Pain_D019547;218;218;5;5;5;5;
Endometrial Hyperplasia_D004714;219;219;33;9;9;9;
Hepatitis A_D006506;219;219;18;1;1;1;
Adrenocortical Adenoma_D018246;219;219;1;1;1;1;
Stomatitis, Aphthous_D013281;219;219;1;1;1;1;
Myelitis_D009187;220;220;1;1;1;1;
Photophobia_D020795;220;220;30;1;1;1;
Mouth Neoplasms_D009062;220;220;100;93;93;93;
Rickettsia Infections_D012282;220;220;1;1;1;1;
Multiple Sclerosis, Chronic Progressive_D020528;221;221;188;176;176;176;
Mitochondrial Encephalomyopathies_D017237;221;221;21;20;20;20;
Nephritis, Interstitial_D009395;221;221;78;1;1;1;
Leishmaniasis, Cutaneous_D016773;222;222;222;8;8;8;
Thrombosis_D013927;222;222;222;5;5;5;
Uterine Cervical Dysplasia_D002578;222;222;75;71;71;71;
Lymphoma, T-Cell, Peripheral_D016411;222;222;156;143;143;143;
Xanthomatosis, Cerebrotendinous_D019294;222;222;181;1;1;1;
Telangiectasia, Hereditary Hemorrhagic_D013683;222;222;1;1;1;1;
Cystitis_D003556;223;223;3;3;3;3;
Failure to Thrive_D005183;223;223;3;3;3;3;
Aortic Stenosis, Subvalvular_D001020;223;223;55;1;1;1;
Hypolipoproteinemias_D007009;223;223;22;22;22;22;
Eosinophilic Esophagitis_D057765;223;223;147;22;22;22;
Heart Septal Defects, Atrial_D006344;223;223;42;38;38;38;
Epilepsies, Partial_D004828;223;223;73;73;73;73;
Jaundice, Chronic Idiopathic_D007566;223;223;5;5;5;5;
Acne Vulgaris_D000152;224;224;216;147;147;147;
Nerve Degeneration_D009410;224;224;1;1;1;1;
Cardiac Tamponade_D002305;224;224;11;1;1;1;
Tuberculosis, Pleural_D014396;224;224;15;15;15;15;
Churg-Strauss Syndrome_D015267;224;224;186;186;186;186;
Fatty Liver, Alcoholic_D005235;225;225;225;172;172;172;
Mesothelioma_D008654;225;225;225;12;12;12;
Embolism, Amniotic Fluid_D004619;225;225;1;1;1;1;
Muscular Dystrophies_D009136;225;225;1;1;1;1;
Subacute Combined Degeneration_D052879;225;225;1;1;1;1;
Psoriasis_D011565;226;226;226;1;1;1;
Lymphopenia_D008231;226;226;1;1;1;1;
Brain Ischemia_D002545;226;226;40;1;1;1;
Vitamin D Deficiency_D014808;226;225;12;1;1;1;
Bronchitis_D001991;227;227;1;1;1;1;
Parapsoriasis_D010267;227;227;16;1;1;1;
Tooth Discoloration_D014075;227;227;10;10;10;10;
Peripheral Nervous System Diseases_D010523;227;227;160;160;160;160;
Arterial Occlusive Diseases_D001157;228;228;194;11;11;11;
Neoplasms, Neuroepithelial_D018302;228;228;17;17;17;17;
Ciliary Motility Disorders_D002925;228;228;20;11;11;11;
Steatocystoma Multiplex_D062685;228;228;1;1;1;1;
Enterocolitis, Pseudomembranous_D004761;228;228;91;91;91;91;
Lafora Disease_D020192;228;228;8;8;8;8;
Tongue Diseases_D014060;229;229;129;129;129;129;
Cardiomyopathy, Dilated_D002311;229;229;129;33;33;33;
Hallermann's Syndrome_D006210;229;229;1;1;1;1;
Helminthiasis_D006373;229;229;1;1;1;1;
Ischemic Contracture_D054061;229;229;1;1;1;1;
Weill-Marchesani Syndrome_D056846;229;229;5;1;1;1;
Neuroectodermal Tumors, Primitive, Peripheral_D018241;229;229;29;27;27;27;
Clubfoot_D003025;229;229;1;1;1;1;
Leukemia, Promyelocytic, Acute_D015473;229;229;167;166;166;166;
Peritonitis_D010538;230;230;20;1;1;1;
Plaque, Amyloid_D058225;230;230;110;97;97;97;
Schizophrenia, Paranoid_D012563;230;230;44;29;29;29;
Uterine Diseases_D014591;230;230;34;5;5;5;
Panniculitis, Lupus Erythematosus_D015435;230;230;1;1;1;1;
Postoperative Hemorrhage_D019106;230;230;1;1;1;1;
Osteoarthritis, Hip_D015207;230;230;36;1;1;1;
Usher Syndromes_D052245;230;230;1;1;1;1;
Ventricular Premature Complexes_D018879;230;230;86;86;86;86;
Death, Sudden, Cardiac_D016757;231;231;59;17;17;17;
Soft Tissue Neoplasms_D012983;231;231;165;165;165;165;
Chilblains_D002647;231;231;1;1;1;1;
Spinal Cord Injuries_D013119;231;231;88;88;88;88;
Coproporphyria, Hereditary_D046349;231;231;1;1;1;1;
Hyperandrogenism_D017588;232;232;232;1;1;1;
Ischemia_D007511;232;228;228;1;1;1;
Diabetes Mellitus_D003920;232;232;1;1;1;1;
Barotrauma_D001469;232;232;1;1;1;1;
Joint Instability_D007593;232;231;101;85;85;85;
Pregnancy, Ectopic_D011271;232;232;70;70;70;70;
Disseminated Intravascular Coagulation_D004211;232;232;1;1;1;1;
Leukemia, Monocytic, Acute_D007948;232;232;200;122;122;122;
Eosinophilia_D004802;233;233;28;16;16;16;
Pregnancy, Prolonged_D011273;233;233;44;1;1;1;
Motor Neuron Disease_D016472;233;233;126;121;121;121;
Mucositis_D052016;233;233;9;1;1;1;
Retinal Neovascularization_D015861;233;233;29;7;7;7;
Angelman Syndrome_D017204;233;233;1;1;1;1;
Thyroid Carcinoma, Anaplastic_D065646;234;234;205;117;117;117;
Tongue Neoplasms_D014062;234;234;142;142;142;142;
Hyperostosis_D015576;234;234;25;1;1;1;
Drug Hypersensitivity_D004342;234;234;53;53;53;53;
Cryptorchidism_D003456;234;234;16;16;16;16;
Machado-Joseph Disease_D017827;234;234;1;1;1;1;
Hemarthrosis_D006395;235;235;1;1;1;1;
Hepatitis, Autoimmune_D019693;235;235;199;144;144;144;
Migraine Disorders_D008881;235;235;202;181;181;181;
Cerebrospinal Fluid Otorrhea_D002558;235;234;36;14;14;14;
Leukemia, Hairy Cell_D007943;235;235;24;12;12;12;
Neurofibromatosis 1_D009456;235;235;51;51;51;51;
Arteriosclerosis_D001161;236;236;21;6;6;6;
Wounds and Injuries_D014947;236;236;20;5;5;5;
Retinopathy of Prematurity_D012178;236;236;1;1;1;1;
Granulomatous Disease, Chronic_D006105;238;238;35;16;16;16;
Niemann-Pick Disease, Type C_D052556;238;238;6;6;6;6;
Beckwith-Wiedemann Syndrome_D001506;238;238;1;1;1;1;
Atrial Fibrillation_D001281;239;239;189;173;173;173;
Kidney Tubular Necrosis, Acute_D007683;239;239;187;103;103;103;
Hearing Disorders_D006311;239;239;37;37;37;37;
Turner Syndrome_D014424;239;239;1;1;1;1;
Ornithine Carbamoyltransferase Deficiency Disease_D020163;239;239;1;1;1;1;
Pituitary ACTH Hypersecretion_D047748;239;239;25;25;25;25;
Camurati-Engelmann Syndrome_D003966;239;239;1;1;1;1;
Cardiotoxicity_D066126;240;240;7;7;7;7;
Myasthenic Syndromes, Congenital_D020294;240;240;59;17;17;17;
Ellis-Van Creveld Syndrome_D004613;240;240;6;1;1;1;
Obsessive-Compulsive Disorder_D009771;240;240;5;1;1;1;
Wiskott-Aldrich Syndrome_D014923;240;240;44;1;1;1;
Rectal Neoplasms_D012004;241;241;81;72;72;72;
Nephrosis, Lipoid_D009402;241;241;196;196;196;196;
Hyperparathyroidism, Primary_D049950;242;242;1;1;1;1;
Delirium_D003693;242;242;22;13;13;13;
Fibrosis_D005355;242;242;31;9;9;9;
Scleroderma, Limited_D045745;242;242;145;141;141;141;
Osteitis Deformans_D010001;242;242;59;41;41;41;
Lipodystrophy, Congenital Generalized_D052497;242;242;38;38;38;38;
Mammary Neoplasms, Animal_D015674;243;243;133;22;22;22;
Bone Diseases, Developmental_D001848;243;243;22;4;4;4;
Splenic Infarction_D013159;243;243;51;3;3;3;
Malignant Carcinoid Syndrome_D008303;243;243;47;46;46;46;
Insulinoma_D007340;243;243;12;12;12;12;
Brucellosis_D002006;243;243;179;179;179;179;
Proteinuria_D011507;244;244;4;4;4;4;
Kashin-Beck Disease_D057767;244;244;1;1;1;1;
Meningism_D008580;244;244;1;1;1;1;
Glycogen Storage Disease Type IV_D006011;244;244;19;19;19;19;
Intestinal Polyps_D007417;245;245;90;22;22;22;
Medulloblastoma_D008527;245;245;1;1;1;1;
Anemia, Pernicious_D000752;245;245;153;153;153;153;
Nail-Patella Syndrome_D009261;245;245;8;8;8;8;
Cerebral Arterial Diseases_D002539;246;246;181;1;1;1;
Eye Neoplasms_D005134;246;246;163;156;156;156;
Fetal Diseases_D005315;246;246;30;1;1;1;
Hyperglycemia_D006943;246;246;74;28;28;28;
Muscular Atrophy, Spinal_D009134;246;246;35;1;1;1;
Spasms, Infantile_D013036;246;246;14;9;9;9;
Lyme Neuroborreliosis_D020852;246;246;3;1;1;1;
Hartnup Disease_D006250;246;246;23;23;23;23;
Anti-Glomerular Basement Membrane Disease_D019867;246;246;25;25;25;25;
Disease Progression_D018450;247;247;247;1;1;1;
Chorioamnionitis_D002821;247;247;1;1;1;1;
Myocarditis_D009205;247;247;18;8;8;8;
Cholangiocarcinoma_D018281;247;247;67;28;28;28;
Anodontia_D000848;247;247;17;17;17;17;
Candidiasis, Oral_D002180;247;247;4;4;4;4;
Stiff-Person Syndrome_D016750;247;247;4;4;4;4;
Adenoviridae Infections_D000257;248;248;188;182;182;182;
Arthritis, Juvenile_D001171;248;248;197;36;36;36;
Sjogren's Syndrome_D012859;248;248;237;162;162;162;
Paraganglioma_D010235;248;248;17;14;14;14;
Enterocolitis_D004760;249;249;20;1;1;1;
Bronchial Hyperreactivity_D016535;249;249;74;53;53;53;
Tourette Syndrome_D005879;249;249;23;23;23;23;
Hemangiosarcoma_D006394;250;250;160;160;160;160;
Toxoplasmosis, Ocular_D014126;251;251;43;20;20;20;
Brain Diseases, Metabolic_D001928;251;251;1;1;1;1;
Status Asthmaticus_D013224;251;251;88;78;78;78;
Tuberculosis, Spinal_D014399;251;251;11;11;11;11;
Restless Legs Syndrome_D012148;251;251;46;1;1;1;
Candidiasis, Cutaneous_D002179;252;252;35;6;6;6;
Cerebellar Ataxia_D002524;252;252;108;76;76;76;
Anemia, Sideroblastic_D000756;252;252;12;1;1;1;
Menstruation Disturbances_D008599;252;252;42;42;42;42;
Spondylarthropathies_D025242;252;252;10;10;10;10;
Sweet Syndrome_D016463;252;252;9;9;9;9;
Glaucoma, Open-Angle_D005902;252;252;65;65;65;65;
Calculi_D002137;253;253;22;9;9;9;
Myoma_D009214;253;253;62;62;62;62;
Dementia_D003704;253;253;122;121;121;121;
Hypertrichosis_D006983;253;253;39;39;39;39;
Reflex Sympathetic Dystrophy_D012019;253;253;58;58;58;58;
Muscular Dystrophy, Facioscapulohumeral_D020391;253;253;3;3;3;3;
Cicatrix_D002921;254;254;150;143;143;143;
Pruritus_D011537;254;254;133;133;133;133;
Heart Injuries_D006335;255;255;255;1;1;1;
Pulmonary Atelectasis_D001261;255;255;1;1;1;1;
Hereditary Autoinflammatory Diseases_D056660;255;255;184;177;177;177;
Orbital Pseudotumor_D016727;255;255;7;7;7;7;
Airway Obstruction_D000402;256;256;69;38;38;38;
Central Nervous System Infections_D002494;256;256;33;14;14;14;
Sleep Apnea, Central_D020182;256;256;82;82;82;82;
Multiple Endocrine Neoplasia_D009377;256;256;205;205;205;205;
Eczema_D004485;257;257;5;5;5;5;
Papilledema_D010211;257;257;19;19;19;19;
Thrombasthenia_D013915;257;257;1;1;1;1;
Coronary Vasospasm_D003329;258;258;172;1;1;1;
Diabetic Angiopathies_D003925;258;258;101;67;67;67;
Birth Weight_D001724;258;258;146;133;133;133;
Mixed Connective Tissue Disease_D008947;258;258;6;6;6;6;
Muscle Weakness_D018908;258;258;223;222;222;222;
Carcinoma, Bronchogenic_D002283;258;258;52;52;52;52;
Pseudotumor Cerebri_D011559;258;258;7;6;6;6;
Carcinoma, Islet Cell_D018273;258;258;191;191;191;191;
Graves Ophthalmopathy_D049970;258;258;82;65;65;65;
Atrial Premature Complexes_D018880;258;258;104;104;104;104;
Dihydropyrimidine Dehydrogenase Deficiency_D054067;258;258;195;194;194;194;
Hematologic Neoplasms_D019337;259;259;144;136;136;136;
Schizophrenia, Childhood_D012561;260;260;260;108;108;108;
Lipid Metabolism Disorders_D052439;260;260;32;1;1;1;
Uveomeningoencephalitic Syndrome_D014607;260;260;61;59;59;59;
Cataract_D002386;261;261;125;118;118;118;
Endometriosis_D004715;261;261;220;71;71;71;
Polyendocrinopathies, Autoimmune_D016884;261;261;5;5;5;5;
Sarcoma, Kaposi_D012514;261;261;237;221;221;221;
Spinal Cord Ischemia_D020760;262;262;70;59;59;59;
Anemia_D000740;263;263;86;82;82;82;
Brain Damage, Chronic_D001925;263;263;1;1;1;1;
Ciguatera Poisoning_D036841;263;263;1;1;1;1;
Infertility, Male_D007248;264;264;50;1;1;1;
Kidney Diseases, Cystic_D052177;264;264;222;216;216;216;
Diaper Rash_D003963;264;264;1;1;1;1;
Leber Congenital Amaurosis_D057130;264;264;71;49;49;49;
Escherichia coli Infections_D004927;264;264;226;218;218;218;
Acute Kidney Injury_D058186;265;265;230;199;199;199;
Calcium Metabolism Disorders_D002128;265;265;255;195;195;195;
Multiple Organ Failure_D009102;265;265;182;159;159;159;
Lymphoma, AIDS-Related_D016483;266;266;81;80;80;80;
Tachycardia_D013610;266;266;67;66;66;66;
Blood Coagulation Disorders_D001778;266;266;137;134;134;134;
Uterine Cervicitis_D002575;267;267;98;98;98;98;
Sarcoma, Myeloid_D023981;267;267;206;202;202;202;
Biliary Tract Diseases_D001660;268;268;138;112;112;112;
Amebiasis_D000562;268;268;20;1;1;1;
Leukoplakia, Oral_D007972;268;268;61;58;58;58;
Strabismus_D013285;268;268;1;1;1;1;
Gaucher Disease_D005776;268;268;41;41;41;41;
Vascular Malformations_D054079;269;269;192;174;174;174;
Adrenal Cortex Neoplasms_D000306;269;269;153;95;95;95;
Hepatomegaly_D006529;270;270;1;1;1;1;
Ataxia_D001259;270;270;74;74;74;74;
Idiopathic Pulmonary Fibrosis_D054990;270;270;1;1;1;1;
Dental Caries_D003731;270;270;158;158;158;158;
Gallbladder Neoplasms_D005706;271;270;219;212;212;212;
Lymphoma, T-Cell_D016399;271;271;196;1;1;1;
Bronchial Neoplasms_D001984;271;271;204;196;196;196;
Constriction, Pathologic_D003251;271;271;1;1;1;1;
Body Weight Changes_D001836;272;270;270;147;147;147;
Wound Infection_D014946;272;272;200;1;1;1;
Macular Degeneration_D008268;272;272;214;200;200;200;
Tooth Loss_D016388;274;274;27;6;6;6;
Purpura, Thrombocytopenic, Idiopathic_D016553;274;274;142;135;135;135;
Cerebral Infarction_D002544;276;276;128;127;127;127;
Angina, Unstable_D000789;276;276;5;5;5;5;
Ovarian Diseases_D010049;277;277;1;1;1;1;
Neoplasm Metastasis_D009362;277;277;9;9;9;9;
Intestinal Obstruction_D007415;277;277;56;56;56;56;
Sarcoma, Clear Cell_D018227;277;277;116;112;112;112;
Hypersensitivity, Delayed_D006968;277;277;67;67;67;67;
Angioedemas, Hereditary_D054179;277;277;23;23;23;23;
Myotonic Dystrophy_D009223;277;277;30;30;30;30;
Renal Colic_D056844;278;278;101;1;1;1;
Diabetic Retinopathy_D003930;279;279;206;201;201;201;
Leukoencephalopathies_D056784;279;279;204;48;48;48;
Dermatitis, Contact_D003877;279;279;189;187;187;187;
Adenocarcinoma, Follicular_D018263;280;280;232;230;230;230;
Joint Diseases_D007592;280;280;196;180;180;180;
Osteoporosis, Postmenopausal_D015663;280;280;206;206;206;206;
Meningioma_D008579;281;281;26;1;1;1;
Laryngeal Neoplasms_D007822;281;281;130;10;10;10;
Polycystic Kidney Diseases_D007690;281;281;68;57;57;57;
Micrognathism_D008844;281;281;212;212;212;212;
Hepatitis, Chronic_D006521;282;282;219;145;145;145;
Spondylarthritis_D025241;282;282;54;54;54;54;
Alveolar Bone Loss_D016301;282;282;179;179;179;179;
Bone Marrow Neoplasms_D019046;283;281;281;1;1;1;
Tooth Diseases_D014076;283;283;128;1;1;1;
Angina, Stable_D060050;284;284;200;14;14;14;
Kidney Papillary Necrosis_D007681;284;284;209;150;150;150;
Infections_D007239;285;285;1;1;1;1;
Blood Platelet Disorders_D001791;285;285;158;158;158;158;
Febrile Neutropenia_D064147;285;285;62;55;55;55;
Ileus_D045823;285;285;56;56;56;56;
Hypoxia, Brain_D002534;286;286;198;1;1;1;
Nasal Polyps_D009298;286;286;196;195;195;195;
Skin Diseases, Infectious_D012874;286;286;46;1;1;1;
Barrett Esophagus_D001471;286;286;208;208;208;208;
Body Weight_D001835;287;287;287;4;4;4;
Prostatic Hyperplasia_D011470;287;287;287;121;121;121;
Genomic Instability_D042822;287;287;115;1;1;1;
Weight Gain_D015430;287;287;270;226;226;226;
Thyroid Hormone Resistance Syndrome_D018382;287;287;159;158;158;158;
Neoplasms, Bone Tissue_D018213;288;288;49;1;1;1;
Skin Diseases_D012871;288;288;209;208;208;208;
Atherosclerosis_D050197;289;289;1;1;1;1;
Pityriasis Rubra Pilaris_D010916;289;289;12;1;1;1;
Nervous System Neoplasms_D009423;289;289;226;226;226;226;
Scleroderma, Localized_D012594;289;289;199;198;198;198;
Facies_D019066;290;290;148;1;1;1;
Corneal Diseases_D003316;290;290;188;184;184;184;
Viremia_D014766;290;290;146;50;50;50;
Hyperkinesis_D006948;290;290;58;58;58;58;
Vasculitis, Leukocytoclastic, Cutaneous_D018366;290;290;59;59;59;59;
Lung Diseases, Obstructive_D008173;291;291;126;100;100;100;
Gastritis, Atrophic_D005757;291;291;75;61;61;61;
Scleroderma, Systemic_D012595;291;291;209;209;209;209;
Back Pain_D001416;291;291;218;218;218;218;
Anemia, Diamond-Blackfan_D029503;291;291;60;60;60;60;
Heat Stroke_D018883;292;292;15;15;15;15;
Pituitary Neoplasms_D010911;292;292;219;211;211;211;
Gastrointestinal Stromal Tumors_D046152;292;292;231;228;228;228;
Hyperinsulinism_D006946;293;293;167;159;159;159;
Gastrointestinal Diseases_D005767;293;293;164;135;135;135;
Atrophy_D001284;294;294;294;5;5;5;
Neuroblastoma_D009447;294;294;294;77;77;77;
Pancreatic Pseudocyst_D010192;294;294;1;1;1;1;
Adenoma, Acidophil_D000239;294;294;1;1;1;1;
CHARGE Syndrome_D058747;294;294;272;261;261;261;
Sertoli Cell-Only Syndrome_D054331;294;294;36;22;22;22;
Hyperostosis, Cortical, Congenital_D006958;294;294;1;1;1;1;
Azoospermia_D053713;295;295;12;1;1;1;
Neoplasms, Multiple Primary_D009378;295;291;1;1;1;1;
Abortion, Spontaneous_D000022;295;295;208;208;208;208;
Cysticercosis_D003551;295;295;1;1;1;1;
Hypertension, Pregnancy-Induced_D046110;296;296;212;209;209;209;
Prune Belly Syndrome_D011535;297;297;2;1;1;1;
DiGeorge Syndrome_D004062;298;298;164;164;164;164;
Bronchial Diseases_D001982;299;299;197;197;197;197;
Skin Diseases, Vascular_D017445;299;299;152;146;146;146;
Atrioventricular Block_D054537;299;299;187;186;186;186;
Disorders of Sex Development_D012734;300;300;240;226;226;226;
Stress Disorders, Post-Traumatic_D013313;300;300;188;182;182;182;
Noonan Syndrome_D009634;300;300;32;7;7;7;
Anterior Spinal Artery Syndrome_D020759;301;301;36;5;5;5;
Liver Failure_D017093;301;301;145;89;89;89;
Carcinoma, Adenoid Cystic_D003528;301;301;71;71;71;71;
Dermatomycoses_D003881;301;301;175;173;173;173;
Malaria, Falciparum_D016778;301;301;141;141;141;141;
Glomerulonephritis, IGA_D005922;301;301;240;240;240;240;
Colitis_D003092;302;302;64;64;64;64;
Infarction_D007238;302;302;82;80;80;80;
Alcoholism_D000437;302;302;235;230;230;230;
Syncope, Vasovagal_D019462;302;302;1;1;1;1;
Breast Neoplasms, Male_D018567;303;301;231;206;206;206;
Testicular Diseases_D013733;303;303;1;1;1;1;
Muscle Hypertonia_D009122;303;303;8;8;8;8;
Arthrogryposis_D001176;303;303;14;14;14;14;
Aortic Aneurysm_D001014;304;304;203;67;67;67;
Liver Cirrhosis, Biliary_D008105;304;304;196;158;158;158;
Nephrosclerosis_D009400;305;305;50;11;11;11;
Gastritis_D005756;306;306;14;14;14;14;
Conjunctivitis, Allergic_D003233;306;306;100;40;40;40;
Seizures, Febrile_D003294;306;306;63;63;63;63;
Latent Tuberculosis_D055985;307;307;74;15;15;15;
Rhinitis, Allergic_D065631;307;307;216;131;131;131;
Fractures, Bone_D050723;307;307;222;196;196;196;
Oculocerebrorenal Syndrome_D009800;307;307;1;1;1;1;
Pulmonary Eosinophilia_D011657;308;308;6;1;1;1;
Neovascularization, Pathologic_D009389;308;308;9;9;9;9;
Adenocarcinoma, Bronchiolo-Alveolar_D002282;308;308;226;226;226;226;
Systemic Inflammatory Response Syndrome_D018746;309;309;159;157;157;157;
Lipoma_D008067;309;309;28;27;27;27;
Tangier Disease_D013631;309;309;238;227;227;227;
Paraphilic Disorders_D010262;310;310;1;1;1;1;
Sarcoidosis, Pulmonary_D017565;310;310;96;24;24;24;
Aneuploidy_D000782;310;310;43;38;38;38;
Cardiomyopathies_D009202;310;310;92;91;91;91;
Articulation Disorders_D001184;310;310;1;1;1;1;
Leukemia-Lymphoma, Adult T-Cell_D015459;310;310;195;185;185;185;
Chromosomal Instability_D043171;311;311;310;1;1;1;
Heart Murmurs_D006337;311;311;1;1;1;1;
Cardiac Complexes, Premature_D005117;311;311;7;7;7;7;
Leydig Cell Tumor_D007984;311;311;237;233;233;233;
Splenomegaly_D013163;312;312;19;12;12;12;
Trauma, Nervous System_D020196;312;312;51;38;38;38;
Cell Transformation, Neoplastic_D002471;313;313;32;32;32;32;
Infant, Newborn, Diseases_D007232;313;313;222;156;156;156;
Shock, Septic_D012772;313;313;39;39;39;39;
Cross Infection_D003428;313;313;50;40;40;40;
Osteoarthritis, Knee_D020370;313;313;45;1;1;1;
Hypoxia_D000860;314;314;88;88;88;88;
Tuberculosis, Lymph Node_D014388;314;314;38;20;20;20;
Activated Protein C Resistance_D020016;314;314;40;1;1;1;
Hiccup_D006606;315;314;1;1;1;1;
Cholestasis_D002779;317;317;30;23;23;23;
Acute Disease_D000208;318;318;318;62;62;62;
Carcinoma, Transitional Cell_D002295;318;317;122;73;73;73;
Urologic Neoplasms_D014571;318;318;32;32;32;32;
Acquired Immunodeficiency Syndrome_D000163;318;318;55;55;55;55;
Factitious Disorders_D005162;319;319;319;1;1;1;
Pulmonary Aspergillosis_D055732;319;319;128;1;1;1;
Leukemia, T-Cell_D015458;319;319;123;123;123;123;
Hearing Loss_D034381;319;319;248;244;244;244;
Jervell-Lange Nielsen Syndrome_D029593;319;319;144;1;1;1;
Papillomavirus Infections_D030361;320;320;149;140;140;140;
Conversion Disorder_D003291;320;320;172;172;172;172;
Spinal Cord Neoplasms_D013120;321;321;189;188;188;188;
Carcinoma, Merkel Cell_D015266;321;321;84;60;60;60;
Schizophrenia_D012559;321;321;156;18;18;18;
Schistosomiasis_D012552;322;322;123;123;123;123;
Endometrial Neoplasms_D016889;323;323;323;76;76;76;
Hypertrophy_D006984;323;323;323;1;1;1;
Precursor B-Cell Lymphoblastic Leukemia-Lymphoma_D015452;323;323;260;259;259;259;
Acrodynia_D000170;323;323;36;36;36;36;
Focal Dermal Hypoplasia_D005489;323;323;1;1;1;1;
Liver Cirrhosis_D008103;324;324;235;227;227;227;
Urinary Bladder, Overactive_D053201;324;324;216;131;131;131;
Dermatomyositis_D003882;324;324;118;118;118;118;
Angina Pectoris_D000787;324;324;83;83;83;83;
Acute Lung Injury_D055371;326;326;81;49;49;49;
Hepatitis B, Chronic_D019694;326;326;219;173;173;173;
Fatigue_D005221;326;326;104;47;47;47;
Nose Diseases_D009668;326;326;219;212;212;212;
Severe Combined Immunodeficiency_D016511;326;326;131;120;120;120;
Hyperplasia_D006965;327;327;79;79;79;79;
Superinfection_D015163;327;327;172;1;1;1;
Keloid_D007627;327;327;59;54;54;54;
Trophoblastic Neoplasms_D014328;327;327;109;109;109;109;
Aortic Coarctation_D001017;327;327;1;1;1;1;
Factor XIII Deficiency_D005177;327;327;39;39;39;39;
Death_D003643;329;329;329;1;1;1;
Retinitis Pigmentosa_D012174;329;329;43;1;1;1;
beta-Thalassemia_D017086;329;329;175;175;175;175;
Respiratory Distress Syndrome_D012128;329;329;106;105;105;105;
Rhinitis_D012220;330;330;1;1;1;1;
Dyskinesias_D020820;330;330;156;25;25;25;
Erectile Dysfunction_D007172;330;330;111;95;95;95;
Lymphoma, Non-Hodgkin_D008228;330;330;265;264;264;264;
Leukoplakia_D007971;331;331;130;111;111;111;
Leprosy, Borderline_D015439;331;331;61;1;1;1;
Porencephaly_D065708;331;331;1;1;1;1;
Glucagonoma_D005935;331;331;1;1;1;1;
Scleroderma, Diffuse_D045743;331;331;161;158;158;158;
Intervertebral Disc Degeneration_D055959;331;331;227;225;225;225;
Respiration Disorders_D012120;332;332;135;130;130;130;
Aneurysm_D000783;333;333;102;69;69;69;
Central Nervous System Neoplasms_D016543;333;333;228;208;208;208;
Myeloproliferative Disorders_D009196;333;333;133;122;122;122;
Leukemia, B-Cell_D015448;333;333;278;278;278;278;
Anemia, Sickle Cell_D000755;333;333;215;215;215;215;
Frostbite_D005627;334;334;1;1;1;1;
Nervous System Diseases_D009422;334;334;73;73;73;73;
Encephalitis_D004660;335;335;335;1;1;1;
Vascular Calcification_D061205;335;335;207;80;80;80;
Thymus Neoplasms_D013953;335;335;290;284;284;284;
Pancreatitis_D010195;336;336;336;23;23;23;
Hypoxia-Ischemia, Brain_D020925;336;336;154;30;30;30;
Gastrointestinal Neoplasms_D005770;336;336;243;208;208;208;
Nesidioblastosis_D046768;336;336;133;130;130;130;
Vitelliform Macular Dystrophy_D057826;336;336;48;40;40;40;
Deafness_D003638;337;337;337;1;1;1;
Arteritis_D001167;337;337;149;118;118;118;
Lymphoma, Follicular_D008224;337;337;216;216;216;216;
Lesch-Nyhan Syndrome_D007926;337;337;5;5;5;5;
Herpesviridae Infections_D006566;338;338;153;120;120;120;
Lead Poisoning_D007855;338;338;138;136;136;136;
Inflammatory Bowel Diseases_D015212;339;339;203;1;1;1;
Sarcoma, Synovial_D013584;339;339;230;225;225;225;
Hypokalemia_D007008;339;339;203;203;203;203;
Adrenal Insufficiency_D000309;340;340;197;169;169;169;
Arthritis, Psoriatic_D015535;342;342;174;160;160;160;
Myocardial Ischemia_D017202;342;342;171;170;170;170;
Adenocarcinoma_D000230;343;343;179;169;169;169;
Peripheral Arterial Disease_D058729;343;343;283;271;271;271;
Thalassemia_D013789;343;343;128;99;99;99;
Central Nervous System Diseases_D002493;343;343;223;220;220;220;
Uterine Cervical Diseases_D002577;344;344;288;156;156;156;
Neurodegenerative Diseases_D019636;344;344;46;46;46;46;
Histiocytosis, Langerhans-Cell_D006646;344;344;96;96;96;96;
Exsanguination_D058734;345;345;69;69;69;69;
Severe Acute Respiratory Syndrome_D045169;345;345;272;217;217;217;
Bipolar Disorder_D001714;345;345;215;215;215;215;
Mastitis_D008413;346;346;191;187;187;187;
Lupus Nephritis_D008181;346;346;197;121;121;121;
Collagen Diseases_D003095;347;347;183;183;183;183;
Placenta Diseases_D010922;347;347;93;93;93;93;
Pneumonia, Pneumocystis_D011020;347;347;69;69;69;69;
Factor XI Deficiency_D005173;347;347;33;33;33;33;
Fetishism, Psychiatric_D005329;348;348;1;1;1;1;
Glioblastoma_D005909;348;348;3;1;1;1;
Short Bowel Syndrome_D012778;348;348;119;119;119;119;
Otorhinolaryngologic Diseases_D010038;349;349;14;14;14;14;
Cri-du-Chat Syndrome_D003410;349;349;299;299;299;299;
Infertility_D007246;350;350;94;81;81;81;
Epstein-Barr Virus Infections_D020031;350;350;247;233;233;233;
Pseudobulbar Palsy_D020828;351;351;1;1;1;1;
Neoplasms, Unknown Primary_D009382;351;351;272;261;261;261;
Lymphoma, Large B-Cell, Diffuse_D016403;351;351;270;270;270;270;
Multiple Acyl Coenzyme A Dehydrogenase Deficiency_D054069;351;351;6;6;6;6;
Causalgia_D002422;352;352;1;1;1;1;
Testicular Hydrocele_D006848;352;352;1;1;1;1;
Autism Spectrum Disorder_D000067877;352;352;265;260;260;260;
Polycythemia Vera_D011087;353;353;58;58;58;58;
Attention Deficit Disorder with Hyperactivity_D001289;354;354;155;155;155;155;
Fistula_D005402;355;355;60;45;45;45;
Microvascular Angina_D017566;355;355;99;95;95;95;
Horner Syndrome_D006732;355;355;1;1;1;1;
Polycystic Kidney, Autosomal Recessive_D017044;355;355;38;33;33;33;
Neutropenia_D009503;356;356;79;64;64;64;
Leukemia, Myelogenous, Chronic, BCR-ABL Positive_D015464;356;356;95;95;95;95;
Cerebrospinal Fluid Rhinorrhea_D002559;357;357;14;14;14;14;
Cystic Fibrosis_D003550;358;358;153;130;130;130;
Farber Lipogranulomatosis_D055577;358;358;11;11;11;11;
Waldenstrom Macroglobulinemia_D008258;359;359;95;95;95;95;
Carcinogenesis_D063646;360;360;167;167;167;167;
Mood Disorders_D019964;360;360;132;129;129;129;
Lupus Erythematosus, Systemic_D008180;360;360;267;254;254;254;
Head and Neck Neoplasms_D006258;361;361;278;231;231;231;
Endocrine System Diseases_D004700;361;361;219;217;217;217;
Eye Diseases_D005128;362;362;155;155;155;155;
Mucocutaneous Lymph Node Syndrome_D009080;362;362;56;56;56;56;
Hepatitis C, Chronic_D019698;364;364;219;199;199;199;
Bone Resorption_D001862;365;365;178;34;34;34;
Pulmonary Fibrosis_D011658;365;365;292;250;250;250;
Flatulence_D005414;365;365;30;30;30;30;
Hyperkalemia_D006947;365;365;83;82;82;82;
Hepatic Encephalopathy_D006501;365;365;1;1;1;1;
Paresis_D010291;367;367;45;1;1;1;
Multiple Sclerosis_D009103;367;367;199;190;190;190;
Influenza, Human_D007251;367;367;203;57;57;57;
Alopecia_D000505;367;367;28;28;28;28;
Thyroid Neoplasms_D013964;368;368;122;109;109;109;
Sialadenitis_D012793;368;368;155;155;155;155;
Hirschsprung Disease_D006627;368;368;94;94;94;94;
Hodgkin Disease_D006689;368;368;294;294;294;294;
Kearns-Sayre Syndrome_D007625;368;368;186;186;186;186;
Seizures_D012640;369;369;67;40;40;40;
Osteonecrosis_D010020;369;369;211;201;201;201;
Diabetes Complications_D048909;369;369;242;241;241;241;
Abruptio Placentae_D000037;369;369;69;66;66;66;
Pancreatitis, Chronic_D050500;369;369;207;206;206;206;
Klippel-Trenaunay-Weber Syndrome_D007715;369;369;185;184;184;184;
Insulin Resistance_D007333;370;370;229;1;1;1;
Amyotrophic Lateral Sclerosis_D000690;370;370;147;147;147;147;
Huntington Disease_D006816;370;370;141;141;141;141;
Stroke_D020521;370;370;184;184;184;184;
Osteitis_D010000;371;371;226;207;207;207;
Arthritis_D001168;371;371;216;205;205;205;
Behcet Syndrome_D001528;371;371;215;211;211;211;
Sepsis_D018805;372;372;166;163;163;163;
Severe Dengue_D019595;372;372;100;92;92;92;
Carcinoma, Basal Cell_D002280;372;372;172;172;172;172;
Autistic Disorder_D001321;372;372;272;259;259;259;
Fanconi Anemia_D005199;372;372;1;1;1;1;
Coronary Artery Disease_D003324;373;373;241;205;205;205;
Aortic Aneurysm, Abdominal_D017544;373;373;184;176;176;176;
Retinal Telangiectasis_D058456;373;373;7;7;7;7;
Birt-Hogg-Dube Syndrome_D058249;373;373;1;1;1;1;
Klippel-Feil Syndrome_D007714;373;373;17;1;1;1;
Glioma_D005910;374;374;171;11;11;11;
Depressive Disorder, Major_D003865;374;374;221;10;10;10;
Abortion, Habitual_D000026;374;374;185;179;179;179;
Dermatitis, Exfoliative_D003873;374;374;1;1;1;1;
Colonic Diseases_D003108;376;376;376;151;151;151;
Neurotoxicity Syndromes_D020258;376;376;129;129;129;129;
Aortic Diseases_D001018;377;377;193;163;163;163;
Hepatitis C_D006526;377;377;267;267;267;267;
Neuronal Ceroid-Lipofuscinoses_D009472;377;377;7;6;6;6;
Marchiafava-Bignami Disease_D054319;378;378;377;1;1;1;
Common Variable Immunodeficiency_D017074;378;378;257;253;253;253;
Fibrocystic Breast Disease_D005348;379;379;3;3;3;3;
Cytochrome-c Oxidase Deficiency_D030401;379;379;344;343;343;343;
Tuberculosis, Renal_D014398;380;380;179;175;175;175;
Chronic Periodontitis_D055113;380;380;202;202;202;202;
Adenoma, Liver Cell_D018248;380;380;160;149;149;149;
Multiple Endocrine Neoplasia Type 2a_D018813;380;380;41;41;41;41;
Job Syndrome_D007589;380;380;191;191;191;191;
Mite Infestations_D008924;382;382;1;1;1;1;
Friedreich Ataxia_D005621;382;382;93;93;93;93;
Spondylitis_D013166;383;383;10;10;10;10;
Esophageal Motility Disorders_D015154;383;383;138;138;138;138;
Adiposis Dolorosa_D000274;383;383;1;1;1;1;
Alagille Syndrome_D016738;383;383;178;1;1;1;
Retinal Diseases_D012164;384;384;146;135;135;135;
Leishmaniasis, Visceral_D007898;384;384;99;94;94;94;
Ulcer_D014456;385;385;135;123;123;123;
Graves Disease_D006111;385;385;184;184;184;184;
Spherocytosis, Hereditary_D013103;386;386;9;9;9;9;
Aspartylglucosaminuria_D054880;386;386;201;201;201;201;
Wilms Tumor_D009396;386;386;139;139;139;139;
Glycogen Storage Disease Type II_D006009;387;387;15;15;15;15;
Chronic Disease_D002908;388;388;142;141;141;141;
Factor X Deficiency_D005171;388;388;213;213;213;213;
Sarcoma, Ewing_D012512;389;389;237;235;235;235;
Cleft Palate_D002972;389;389;103;103;103;103;
Hyperlipoproteinemia Type V_D006954;389;389;1;1;1;1;
Tissue Adhesions_D000267;390;390;390;148;148;148;
Adenoma_D000236;390;390;196;175;175;175;
Depressive Disorder_D003866;390;390;243;235;235;235;
Diabetes, Gestational_D016640;390;390;248;232;232;232;
Acute-Phase Reaction_D000210;391;390;210;199;199;199;
Tinnitus_D014012;391;391;76;18;18;18;
Hypercholesterolemia_D006937;391;391;276;274;274;274;
Uterine Cervical Neoplasms_D002583;392;392;170;106;106;106;
Macroglossia_D008260;392;392;97;93;93;93;
Cerebrovascular Disorders_D002561;392;392;286;281;281;281;
Adrenoleukodystrophy_D000326;392;392;120;120;120;120;
Pain_D010146;393;393;112;112;112;112;
Syndrome_D013577;394;394;68;52;52;52;
Diffuse Cerebral Sclerosis of Schilder_D002549;394;394;221;221;221;221;
Neurofibromatosis 2_D016518;395;395;29;29;29;29;
Plasma Cell Granuloma, Pulmonary_D016726;396;396;148;148;148;148;
Neurodevelopmental Disorders_D065886;397;397;153;147;147;147;
Primary Myelofibrosis_D055728;398;398;101;84;84;84;
Leiomyoma_D007889;398;398;231;231;231;231;
Bladder Exstrophy_D001746;400;400;196;1;1;1;
Bone Marrow Diseases_D001855;401;401;401;145;145;145;
Prostatitis_D011472;401;401;167;166;166;166;
Celiac Disease_D002446;401;401;215;215;215;215;
Coronary Disease_D003327;402;402;238;221;221;221;
Cognition Disorders_D003072;403;403;136;100;100;100;
Hidradenitis Suppurativa_D017497;403;403;30;30;30;30;
Thrombocytopenia_D013921;403;403;216;214;214;214;
Factor VII Deficiency_D005168;403;403;219;217;217;217;
Pancreatitis, Acute Necrotizing_D019283;404;404;192;186;186;186;
Brain Diseases_D001927;404;404;45;45;45;45;
Retinoblastoma_D012175;404;404;163;163;163;163;
Fatty Liver_D005234;405;405;251;247;247;247;
Asthma_D001249;405;405;227;224;224;224;
Cardiovascular Diseases_D002318;405;405;248;245;245;245;
Philadelphia Chromosome_D010677;406;406;17;17;17;17;
Sotos Syndrome_D058495;406;406;194;1;1;1;
Angioedema_D000799;406;406;41;41;41;41;
Hypopituitarism_D007018;407;407;160;156;156;156;
Renal Insufficiency_D051437;407;407;311;302;302;302;
Carcinoma, Ductal_D044584;408;408;346;340;340;340;
Carcinoma, Ductal, Breast_D018270;408;408;261;258;258;258;
Weight Loss_D015431;409;409;308;301;301;301;
Postphlebitic Syndrome_D011186;410;410;247;1;1;1;
Neoplasms, Adipose Tissue_D018205;410;410;231;228;228;228;
Androgen-Insensitivity Syndrome_D013734;410;410;217;216;216;216;
Brain Injuries_D001930;411;411;201;195;195;195;
Temporomandibular Joint Dysfunction Syndrome_D013706;411;411;1;1;1;1;
Craniofacial Dysostosis_D003394;413;413;20;1;1;1;
Obesity_D009765;414;414;217;112;112;112;
Narcolepsy_D009290;414;414;159;159;159;159;
Salivary Gland Neoplasms_D012468;415;415;145;140;140;140;
Urinary Bladder Diseases_D001745;415;415;243;240;240;240;
Serum Sickness_D012713;415;415;151;151;151;151;
Necrosis_D009336;417;417;299;1;1;1;
Pediatric Obesity_D063766;417;417;264;68;68;68;
Mucopolysaccharidosis IV_D009085;417;417;1;1;1;1;
Hepatitis B_D006509;418;418;314;311;311;311;
Colorectal Neoplasms_D015179;419;419;210;198;198;198;
Chondroblastoma_D002804;421;421;112;105;105;105;
Hepatolenticular Degeneration_D006527;421;421;177;177;177;177;
Parkinson Disease_D010300;422;422;323;317;317;317;
Carcinoma in Situ_D002278;423;423;31;31;31;31;
Lymphoma, B-Cell_D016393;424;424;287;280;280;280;
Non-alcoholic Fatty Liver Disease_D065626;424;424;314;308;308;308;
Cushing Syndrome_D003480;426;426;62;59;59;59;
Genetic Predisposition to Disease_D020022;427;427;162;154;154;154;
Stomach Diseases_D013272;427;427;137;136;136;136;
Down Syndrome_D004314;427;427;211;211;211;211;
Mycoses_D009181;427;427;126;73;73;73;
Polycystic Ovary Syndrome_D011085;427;427;317;317;317;317;
Splenic Neoplasms_D013160;429;429;131;131;131;131;
Ear Diseases_D004427;429;429;49;49;49;49;
Transvestism_D014190;429;429;124;124;124;124;
Basal Cell Nevus Syndrome_D001478;429;429;36;36;36;36;
Appendiceal Neoplasms_D001063;430;430;143;134;134;134;
Adenomatous Polyposis Coli_D011125;430;430;279;273;273;273;
Obesity, Abdominal_D056128;431;431;258;184;184;184;
Cerebellar Diseases_D002526;431;431;188;188;188;188;
Mental Disorders_D001523;431;431;261;254;254;254;
Pancreatic Diseases_D010182;433;433;262;197;197;197;
Pancreatic Neoplasms_D010190;433;433;142;139;139;139;
Fragile X Syndrome_D005600;433;433;201;201;201;201;
Walker-Warburg Syndrome_D058494;433;433;261;261;261;261;
Familial Mediterranean Fever_D010505;433;433;276;275;275;275;
Disease Susceptibility_D004198;434;434;180;163;163;163;
Choristoma_D002828;434;434;248;233;233;233;
Cluster Headache_D003027;434;434;19;19;19;19;
Metabolic Diseases_D008659;435;435;159;155;155;155;
Lung Neoplasms_D008175;436;436;262;237;237;237;
Lung Injury_D055370;437;437;366;334;334;334;
Breast Neoplasms_D001943;437;435;391;381;381;381;
Salivary Gland Diseases_D012466;437;437;114;105;105;105;
Neuromyelitis Optica_D009471;437;437;18;1;1;1;
Astrocytoma_D001254;438;438;250;248;248;248;
Spondylitis, Ankylosing_D013167;438;438;171;171;171;171;
Shwartzman Phenomenon_D012790;439;439;89;89;89;89;
Vascular System Injuries_D057772;439;439;250;250;250;250;
Bloom Syndrome_D001816;439;439;21;16;16;16;
Epilepsy_D004827;439;439;153;153;153;153;
Addison Disease_D000224;439;439;234;232;232;232;
Vipoma_D003969;440;440;137;137;137;137;
Bone Neoplasms_D001859;441;441;266;253;253;253;
Premature Birth_D047928;443;443;180;179;179;179;
Primary Ovarian Insufficiency_D016649;443;443;332;330;330;330;
Castleman Disease_D005871;443;443;195;194;194;194;
Chediak-Higashi Syndrome_D002609;444;444;1;1;1;1;
Osteosarcoma_D012516;445;445;245;244;244;244;
Burkitt Lymphoma_D002051;446;446;110;104;104;104;
Urologic Diseases_D014570;447;447;241;241;241;241;
Nijmegen Breakage Syndrome_D049932;449;449;262;259;259;259;
von Hippel-Lindau Disease_D006623;449;449;124;124;124;124;
Intestinal Diseases_D007410;451;451;120;64;64;64;
Triple Negative Breast Neoplasms_D064726;451;451;280;277;277;277;
Splenic Rupture_D013161;452;452;175;104;104;104;
Bacterial Infections_D001424;452;452;297;297;297;297;
Purpura, Thrombotic Thrombocytopenic_D011697;453;453;198;194;194;194;
Autoimmune Diseases_D001327;454;454;304;281;281;281;
Spinal Dysraphism_D016135;454;454;113;113;113;113;
Translocation, Genetic_D014178;455;455;136;134;134;134;
Prostatic Neoplasms_D011471;455;455;150;150;150;150;
Dengue_D003715;455;455;200;181;181;181;
Myositis_D009220;455;455;279;278;278;278;
Colitis, Ulcerative_D003093;458;458;224;221;221;221;
Tuberculosis_D014376;459;459;283;275;275;275;
Crohn Disease_D003424;459;459;273;273;273;273;
Abetalipoproteinemia_D000012;459;459;139;139;139;139;
Nasopharyngeal Neoplasms_D009303;460;460;216;188;188;188;
Netherton Syndrome_D056770;460;460;40;40;40;40;
HIV Infections_D015658;460;460;212;212;212;212;
Immunologic Deficiency Syndromes_D007153;461;461;251;250;250;250;
Pulmonary Disease, Chronic Obstructive_D029424;461;461;272;272;272;272;
Actinomycosis_D000196;463;463;150;150;150;150;
Leukemia, Megakaryoblastic, Acute_D007947;463;463;75;75;75;75;
Anthracosis_D055008;463;463;224;222;222;222;
Amino Acid Metabolism, Inborn Errors_D000592;464;464;255;255;255;255;
Dermatitis, Atopic_D003876;464;464;361;359;359;359;
X-Linked Combined Immunodeficiency Diseases_D053632;464;464;230;230;230;230;
Acrodermatitis_D000169;465;465;280;280;280;280;
Pre-Eclampsia_D011225;465;465;137;137;137;137;
Hypersensitivity_D006967;467;467;155;153;153;153;
Leukemia, Lymphoid_D007945;467;467;259;259;259;259;
Common Cold_D003139;468;468;205;205;205;205;
Klatskin Tumor_D018285;469;469;136;136;136;136;
Obesity, Morbid_D009767;469;469;293;288;288;288;
Duodenal Neoplasms_D004379;470;470;150;144;144;144;
Urinary Incontinence_D014549;472;472;236;229;229;229;
Drug-Related Side Effects and Adverse Reactions_D064420;473;473;311;307;307;307;
Intestinal Pseudo-Obstruction_D007418;474;474;86;73;73;73;
Sarcoma_D012509;475;475;294;292;292;292;
Adrenal Gland Neoplasms_D000310;480;480;207;200;200;200;
Developmental Disabilities_D002658;483;483;204;197;197;197;
Inflammatory Breast Neoplasms_D058922;483;483;301;299;299;299;
Radial Neuropathy_D020425;483;483;70;70;70;70;
Small Cell Lung Carcinoma_D055752;483;483;261;261;261;261;
Kidney Failure, Chronic_D007676;484;484;299;294;294;294;
Melanoma_D008545;488;488;221;219;219;219;
Gilbert Disease_D005878;490;490;334;334;334;334;
Adrenal Gland Diseases_D000307;491;491;217;207;207;207;
Multiple Endocrine Neoplasia Type 2b_D018814;491;491;229;229;229;229;
Arthritis, Rheumatoid_D001172;492;492;272;267;267;267;
Fever_D005334;492;492;207;207;207;207;
Shock_D012769;494;494;182;182;182;182;
Diabetic Nephropathies_D003928;496;496;318;311;311;311;
Tietze's Syndrome_D013991;496;496;1;1;1;1;
Precursor Cell Lymphoblastic Leukemia-Lymphoma_D054198;498;498;352;348;348;348;
Congenital Hyperinsulinism_D044903;498;498;86;86;86;86;
Myocardial Infarction_D009203;499;499;372;369;369;369;
Hemorrhage_D006470;500;500;137;135;135;135;
Skin Neoplasms_D012878;502;502;370;367;367;367;
Vascular Diseases_D014652;503;503;185;161;161;161;
Glucose Intolerance_D018149;503;503;229;226;226;226;
Carney Complex_D056733;504;504;160;160;160;160;
Intellectual Disability_D008607;506;506;398;394;394;394;
Thyroid Diseases_D013959;507;507;250;249;249;249;
Urinary Bladder Neoplasms_D001749;507;507;387;381;381;381;
Stomach Neoplasms_D013274;508;508;235;229;229;229;
Craniocerebral Trauma_D006259;508;508;277;277;277;277;
Esophageal Diseases_D004935;510;510;188;154;154;154;
Esophageal Neoplasms_D004938;510;510;286;270;270;270;
Glycogen Storage Disease Type IIb_D052120;511;511;362;362;362;362;
Herpes Zoster_D006562;512;512;191;191;191;191;
Diabetes Mellitus, Type 1_D003922;512;512;386;382;382;382;
Myalgia_D063806;514;514;216;216;216;216;
Hypertension_D006973;515;515;340;340;340;340;
Tuberculosis, Pulmonary_D014397;517;517;353;352;352;352;
Carcinoma, Non-Small-Cell Lung_D002289;518;518;461;422;422;422;
Osteoarthritis_D010003;518;518;170;170;170;170;
Ataxia Telangiectasia_D001260;518;518;233;233;233;233;
Hematologic Diseases_D006402;518;518;213;213;213;213;
Thrombocythemia, Essential_D013920;519;519;277;272;272;272;
Cognitive Dysfunction_D060825;521;521;306;278;278;278;
Breast Diseases_D001941;523;523;290;289;289;289;
Carcinoma, Squamous Cell_D002294;524;524;277;273;273;273;
Bone Diseases_D001847;525;525;190;185;185;185;
Kallmann Syndrome_D017436;526;526;131;128;128;128;
Colonic Neoplasms_D003110;529;529;283;279;279;279;
Lung Diseases_D008171;529;529;322;322;322;322;
Ovarian Neoplasms_D010051;529;529;254;252;252;252;
Muscle Neoplasms_D019042;530;530;297;291;291;291;
Brown-Sequard Syndrome_D018437;531;531;356;356;356;356;
Heart Diseases_D006331;532;532;395;395;395;395;
Leukemia, Erythroblastic, Acute_D004915;534;534;200;200;200;200;
Factor V Deficiency_D005166;537;537;286;286;286;286;
Prostatic Diseases_D011469;538;538;265;217;217;217;
Kidney Neoplasms_D007680;540;540;385;383;383;383;
Heart Failure_D006333;541;541;289;289;289;289;
Cystocele_D052858;542;542;186;171;171;171;
Precursor T-Cell Lymphoblastic Leukemia-Lymphoma_D054218;548;548;361;361;361;361;
Intestinal Neoplasms_D007414;552;552;235;229;229;229;
Carcinoma_D002277;553;553;326;323;323;323;
Splenic Diseases_D013158;554;554;183;183;183;183;
Leukemia, Biphenotypic, Acute_D015456;554;554;362;355;355;355;
Menkes Kinky Hair Syndrome_D007706;555;555;303;303;303;303;
Fabry Disease_D000795;556;556;226;226;226;226;
Lymphoma_D008223;559;559;175;174;174;174;
Multiple Endocrine Neoplasia Type 1_D018761;562;562;176;176;176;176;
Hamartoma Syndrome, Multiple_D006223;562;562;169;169;169;169;
Fetal Growth Retardation_D005317;562;562;393;386;386;386;
Alzheimer Disease_D000544;566;566;397;379;379;379;
HIV Seropositivity_D006679;568;568;246;246;246;246;
Hepatitis_D006505;569;569;250;250;250;250;
Adrenocortical Carcinoma_D018268;570;570;272;266;266;266;
Cytomegalovirus Infections_D003586;575;575;208;208;208;208;
Metabolic Syndrome_D024821;577;577;314;313;313;313;
Decompression Sickness_D003665;582;582;195;195;195;195;
Sezary Syndrome_D012751;588;588;409;407;407;407;
Vitreoretinopathy, Proliferative_D018630;589;589;38;38;38;38;
Irritable Bowel Syndrome_D043183;595;595;270;270;270;270;
Hyperlipoproteinemia Type IV_D006953;596;596;211;211;211;211;
Hashimoto Disease_D050031;598;598;171;157;157;157;
Muscular Diseases_D009135;600;600;309;309;309;309;
Hysteria_D007046;601;601;198;198;198;198;
Leukemia, Myeloid_D007951;604;604;502;501;501;501;
Kidney Diseases_D007674;608;608;348;346;346;346;
Virus Diseases_D014777;608;608;412;409;409;409;
Hyperlipoproteinemia Type III_D006952;608;608;228;228;228;228;
Immune System Diseases_D007154;611;611;418;417;417;417;
Neoplasms_D009369;614;614;330;327;327;327;
Liver Diseases_D008107;615;615;275;265;265;265;
Aggressive Periodontitis_D010520;618;618;239;234;234;234;
Neuromuscular Diseases_D009468;622;622;208;199;199;199;
Testicular Neoplasms_D013736;624;624;231;231;231;231;
Asperger Syndrome_D020817;625;625;273;271;271;271;
Takayasu Arteritis_D013625;625;625;313;313;313;313;
Liver Neoplasms_D008113;639;639;377;373;373;373;
Hemochromatosis_D006432;640;640;430;430;430;430;
Brain Neoplasms_D001932;643;643;375;374;374;374;
Diabetes Mellitus, Type 2_D003924;649;649;426;424;424;424;
Myelodysplastic Syndromes_D009190;658;658;337;331;331;331;
Hyalinosis, Systemic_D057770;658;658;339;337;337;337;
Goldenhar Syndrome_D006053;663;663;391;391;391;391;
Leukemia, Myeloid, Acute_D015470;680;680;477;476;476;476;
Carcinoma, Renal Cell_D002292;690;690;459;457;457;457;
Chromosome Disorders_D025063;708;708;289;288;288;288;
Hyperlipoproteinemia Type II_D006938;720;720;449;448;448;448;
Leukemia_D007938;746;746;411;409;409;409;
Chorea_D002819;748;748;239;237;237;237;
Leukemia, Lymphocytic, Chronic, B-Cell_D015451;752;752;564;563;563;563;
Sarcoidosis_D012507;766;766;514;514;514;514;
Carcinoma, Hepatocellular_D006528;785;785;488;483;483;483;
Tuberous Sclerosis_D014402;848;848;526;524;524;524;
Heart Defects, Congenital_D006330;883;883;493;483;483;483;
Congenital Abnormalities_D000013;952;952;390;389;389;389;
Hyperlipoproteinemia Type I_D008072;1121;1121;536;536;536;536;
